Ключ проблемы,Идентификатор проблемы,Идентификатор родителя,Статус,Создано,Обновленo,Исполнитель,Пользовательское поле (Story Points),Тема,Создатель
ANL-2592,303811,,Готово,19.06.2024 12:47 ,30.07.2024 18:25 ,balitskayaav,2.0,Доработка отчета по История изменений,ivanovamv
ANL-2722,312512,,Готово,30.07.2024 17:52 ,30.07.2024 17:53 ,balitskayaav,,Разобраться с рейтингом АН,balitskayaav
ANL-2676,310363,,Готово,19.07.2024 12:52 ,30.07.2024 17:51 ,balitskayaav,3.0,Выделение информации по компаниям для уникальных сделок,balitskayaav
ANL-2070,260151,,Сделaть,14.11.2023 12:29 ,30.07.2024 15:28 ,balitskayaav,3.0,Статистика производительности по проверкам,kartaevry
ANL-2706,311721,,В работе,26.07.2024 12:37 ,30.07.2024 15:27 ,balitskayaav,3.0,Онбординг сотрудника,balitskayaav
ANL-2693,311376,,Hold,25.07.2024 10:14 ,30.07.2024 15:27 ,balitskayaav,2.0,"Сделать выгрузку по кол-ву созданных объектов недвижимости в ЭР во вкладке ""Объекты""",ignatovaaa
ANL-2601,304622,,В работе,21.06.2024 17:38 ,30.07.2024 15:03 ,nikishinpa,3.0,Проанализировать возможность добавить банк продавца в привелегию,flerinvs
ANL-2699,311446,,В работе,25.07.2024 14:21 ,30.07.2024 14:52 ,mikhaelyanta,3.0,Дешборд ЭР для продаж ВТБ,mikhaelyanta
ANL-2692,311354,,Backlog,25.07.2024 08:58 ,30.07.2024 13:11 ,klekovkinve,,Доработать дэшборд по ипотечным сделкам ВТБ,anpilogovayv
ANL-2530,298421,,Готово,27.05.2024 16:43 ,30.07.2024 12:47 ,mikhaelyanta,3.0,Разработка отчетности ЭлРег (ad-hoc),pichuginaaz
ANL-2536,298783,,Hold,28.05.2024 23:12 ,30.07.2024 10:57 ,nikishinpa,5.0,"Отчет по доле СБР,ЭР в ипотеке ВТБ ГЖ по офисам",altunyanar
ANL-2714,312261,,Backlog,30.07.2024 10:29 ,30.07.2024 10:29 ,flerinvs,,Сформировать бухгалтерский отчет,flerinvs
ANL-2709,311891,,Ревью,29.07.2024 09:22 ,30.07.2024 10:26 ,flerinvs,5.0,Подготовка к ДЕМО,flerinvs
ANL-2707,311775,,В работе,26.07.2024 14:25 ,30.07.2024 10:25 ,flerinvs,3.0,Ревью отчетов когнос по папкам,flerinvs
ANL-1764,192929,,Ревью,17.01.2023 10:06 ,30.07.2024 09:53 ,flerinvs,8.0,"Добавление информации в ""Отчет по компаниям"", ответы на вопросы ",tabakovayn
ANL-2641,307614,,Backlog,05.07.2024 13:28 ,30.07.2024 09:49 ,klekovkinve,3.0,В дэшборды по чатам добавить продукт Ипотечный брокер,zhuravlevaev
ANL-2644,307669,,В работе,05.07.2024 15:26 ,29.07.2024 19:03 ,klekovkinve,3.0,Изучить наработки по юнит-экономике Сделки,klekovkinve
ANL-2683,310773,,Готово,22.07.2024 17:00 ,29.07.2024 18:10 ,nikishinpa,1.0,Неипотечные сделки за 2023-2024 годы,altunyanar
ANL-2696,311390,,Готово,25.07.2024 10:52 ,29.07.2024 16:39 ,flerinvs,1.0,Провести ревью отчетов Пыпина,flerinvs
ANL-2703,311622,,В работе,26.07.2024 09:56 ,29.07.2024 14:15 ,flerinvs,2.0,"Фин бэклог, перенос потребностей в задачи, актуализация",flerinvs
ANL-2521,297784,,Сделaть,23.05.2024 15:48 ,29.07.2024 13:53 ,klekovkinve,2.0,Отчет по промкодам для новых ЧМАК,maksyutovaem
ANL-2656,308344,,Сделaть,09.07.2024 18:53 ,29.07.2024 13:53 ,balitskayaav,3.0,Когортный анализ СБР для юнит-экономики,kornikovalv
ANL-2679,310500,,Сделaть,19.07.2024 19:09 ,29.07.2024 13:53 ,nikishinpa,3.0,Перевод отчета по верификации в superset,nikishinpa
ANL-2708,311838,,Сделaть,26.07.2024 16:54 ,29.07.2024 13:53 ,klekovkinve,3.0,Проанализировать доработки к отчетам,klekovkinve
ANL-2705,311717,,Сделaть,26.07.2024 12:25 ,29.07.2024 13:53 ,balitskayaav,2.0,Проверка витрин ИЖС и СБР (работы СА),balitskayaav
ANL-2650,307936,,В работе,08.07.2024 12:32 ,29.07.2024 13:52 ,mikhaelyanta,3.0,Правки в сегментации,mikhaelyanta
ANL-2600,304547,,В работе,21.06.2024 15:53 ,29.07.2024 13:52 ,balitskayaav,3.0,Добавить фильтр по типу сделки к отчету по УКЭП Госключ,ManaenkovaOA
ANL-2411,285882,,Hold,26.03.2024 16:34 ,29.07.2024 13:51 ,klekovkinve,5.0,Ипотечные сделки - доработка отчета из сервиса кредитных заявок,anpilogovayv
ANL-2613,305411,,Ревью,26.06.2024 12:50 ,29.07.2024 13:51 ,balitskayaav,3.0,Доработка продуктового дашборда СБР,balitskayaav
ANL-2652,308025,,Готово,08.07.2024 17:17 ,29.07.2024 12:09 ,mikhaelyanta,1.0,Корректировка получателей отчетности,tatarovaaa
ANL-2686,311009,,Backlog,23.07.2024 15:30 ,29.07.2024 12:07 ,balitskayaav,2.0,"Добавить в отчет ""ООН_простыня"" + история изменений доп  данные",ivanovamv
ANL-2616,305435,,Backlog,26.06.2024 14:12 ,26.07.2024 16:41 ,klekovkinve,,Добавление данных чата поддержки в дэшборды по чатам,zhuravlevaev
ANL-2688,311150,,Готово,24.07.2024 12:40 ,26.07.2024 14:23 ,flerinvs,1.0,Ручная отчетность,flerinvs
ANL-2704,311635,,Готово,26.07.2024 10:10 ,26.07.2024 14:23 ,flerinvs,1.0,Подготовка ко встрече по долям,flerinvs
ANL-2684,310805,,Готово,22.07.2024 19:15 ,26.07.2024 12:35 ,mikhaelyanta,1.0,Выгрузка по Защите,mikhaelyanta
ANL-2660,309042,,Готово,12.07.2024 15:15 ,26.07.2024 11:52 ,klekovkinve,3.0,"Добавить в Дашборд Сделка (раздел KPI)разрез по офисам в регионах и отдельно по пилоту: Привилегии, Прайм, ",dmitrievaoa
ANL-2680,310533,,Готово,22.07.2024 09:51 ,26.07.2024 11:49 ,mikhaelyanta,3.0,Отчет по неипотеке,mikhaelyanta
ANL-2689,311302,,Готово,24.07.2024 17:24 ,26.07.2024 09:48 ,flerinvs,3.0,Когнос_ревью по источникам без просмотров,flerinvs
ANL-2691,311306,,Backlog,24.07.2024 17:37 ,26.07.2024 09:45 ,flerinvs,,"Выделить отчеты в когнос, которые требуется перенести",flerinvs
ANL-2678,306112,,Готово,28.06.2024 15:54 ,25.07.2024 20:07 ,klekovkinve,2.0,ТехДолг. Подготовить документацию к дашборду по ипотеке ВТБ,klekovkinve
ANL-2412,285938,,Готово,26.03.2024 20:32 ,25.07.2024 18:04 ,klekovkinve,5.0,Ипотечные сделки - дэшборд,anpilogovayv
ANL-2663,309272,,Готово,15.07.2024 12:49 ,25.07.2024 14:38 ,klekovkinve,1.0,Собрать пожелания к процессу по заказу витрин и разбору источников,klekovkinve
ANL-2685,310880,,Готово,23.07.2024 10:36 ,25.07.2024 14:37 ,klekovkinve,1.0,Сформировать список пользователей для рассылки,anpilogovayv
ANL-2635,307021,,Backlog,03.07.2024 12:55 ,24.07.2024 13:38 ,flerinvs,,онбординг_Подготовить инструкции ,flerinvs
ANL-2653,308080,,Сделaть,09.07.2024 09:27 ,24.07.2024 13:36 ,flerinvs,,Корректировка отчета ЭР Бухгалтерия в SuperSet,mikhaelyanta
ANL-2561,300962,,Hold,06.06.2024 09:50 ,24.07.2024 13:36 ,balitskayaav,2.0,Простыня СБР_доработки,flerinvs
ANL-2655,308278,,Backlog,09.07.2024 16:25 ,24.07.2024 13:36 ,nikishinpa,,Разработка автоматизации отчета ВТБ ГРМ,nikishinpa
ANL-2624,306039,,Hold,28.06.2024 13:47 ,24.07.2024 13:36 ,balitskayaav,3.0,Принять работы по NPS,flerinvs
ANL-2617,305536,,Backlog,26.06.2024 17:24 ,24.07.2024 13:36 ,flerinvs,,Ревью BI-ручников,flerinvs
ANL-2285,274428,,Backlog,31.01.2024 13:47 ,24.07.2024 13:35 ,flerinvs,,Отчет по веб пушам,zhuravlevaev
ANL-2404,285438,,Backlog,25.03.2024 15:40 ,24.07.2024 13:35 ,mikhaelyanta,,Перенос Отчет ЭлРег 2.0 РБ SLT на супер сет,flerinvs
ANL-2430,286686,,Hold,29.03.2024 14:25 ,24.07.2024 13:35 ,nikishinpa,5.0,Перенос отчета из Когноса - Отчет по списаниям для подрядчиков,nikishinpa
ANL-2423,286049,,Backlog,27.03.2024 12:31 ,24.07.2024 13:35 ,nikishinpa,,Утвердить и передать финальную версию отчета по неипотеке,nikishinpa
ANL-2169,266895,,Backlog,14.12.2023 14:57 ,24.07.2024 13:35 ,mikhaelyanta,,Доработка отчет по СБР и ЭР в SuperSet,mikhaelyanta
ANL-2608,304836,,Backlog,24.06.2024 13:26 ,24.07.2024 13:34 ,balitskayaav,,Автоматизация отчета по рейтингу АН,balitskayaav
ANL-2393,283890,,Backlog,18.03.2024 14:26 ,24.07.2024 13:34 ,mikhaelyanta,,Отчет ВТБ СМБ,mikhaelyanta
ANL-2615,305434,,Backlog,26.06.2024 14:06 ,24.07.2024 13:34 ,mikhaelyanta,,Внедрение новой методологии сегментации,mikhaelyanta
ANL-2593,303835,,Backlog,19.06.2024 13:29 ,24.07.2024 13:34 ,balitskayaav,,Отчет_ срезы времени по процессу_часть 2,ivanovamv
ANL-2591,303805,,Hold,19.06.2024 12:36 ,24.07.2024 13:34 ,balitskayaav,5.0,Реализация отчета для экспертов,ivanovamv
ANL-2682,310772,,Готово,22.07.2024 16:58 ,24.07.2024 13:33 ,flerinvs,1.0,Актуализация бэклога под новых аналитиков,flerinvs
ANL-2456,289033,,Backlog,09.04.2024 10:12 ,24.07.2024 12:16 ,flerinvs,,Отчет по СБР с нерезидентами,sokolovama
ANL-2382,282925,,Backlog,13.03.2024 11:29 ,24.07.2024 12:15 ,balitskayaav,,Добавить партнеров в список на контроль платежа,kartaevry
ANL-2102,262344,,Hold,23.11.2023 16:12 ,24.07.2024 12:15 ,balitskayaav,5.0,Создать отчет по опросу клиентов по ипотечным сделкам в BI,VolkovaOI
ANL-2505,295713,,В работе,15.05.2024 12:33 ,24.07.2024 12:14 ,balitskayaav,,Автоматизация данных по остаткам СБР,pichuginaaz
ANL-2461,289840,,Сделaть,12.04.2024 12:24 ,24.07.2024 12:14 ,mikhaelyanta,,Разовый отчет для СМБ ВТБ в рамках внутреннего аудита ,SytnikTI
ANL-2568,301502,,Backlog,07.06.2024 22:17 ,24.07.2024 12:13 ,nikishinpa,,"Доля СБР,ЭР в ипотеке ВТБ ГЖ - добавить ЭР в СБР",altunyanar
ANL-2643,307659,,Backlog,05.07.2024 14:53 ,24.07.2024 12:11 ,flerinvs,8.0,Обновить цифры для  юнит экономики для неипотечной сделки,dmitrievaoa
ANL-2278,274009,,Backlog,30.01.2024 10:34 ,24.07.2024 11:53 ,flerinvs,,Сформировать чек-лист проверки актуальности дашборда,flerinvs
ANL-1610,166694,,Backlog,01.09.2022 11:52 ,24.07.2024 11:51 ,mikhaelyanta,,"ЭР. мидл - отчет со статусом ""Приостановлено"" и ""Отказ без рассмотрения""",ivlevady
ANL-2418,286021,,Backlog,27.03.2024 11:31 ,24.07.2024 11:51 ,balitskayaav,,Обновление Простыни КС ,balitskayaav
ANL-2419,286022,,Backlog,27.03.2024 11:31 ,24.07.2024 11:50 ,balitskayaav,,Перенос Простыни КС в дашборд,balitskayaav
ANL-2134,264941,,Hold,06.12.2023 13:43 ,24.07.2024 11:50 ,mikhaelyanta,3.0,Регулярный отчет по оплатам ,nikitindd
ANL-2147,265441,,Backlog,08.12.2023 08:38 ,24.07.2024 11:39 ,flerinvs,,Отчет от активности АНЧ,pichuginaaz
ANL-1882,239210,,В работе,16.08.2023 13:11 ,24.07.2024 11:39 ,mikhaelyanta,5.0,Сверка сделок-онлайн,pichuginaaz
ANL-2673,309908,,Готово,17.07.2024 13:54 ,23.07.2024 16:50 ,klekovkinve,2.0,Подготовить данные для презентации ВТБ по неипотеке,klekovkinve
ANL-2482,292354,,Готово,25.04.2024 16:58 ,23.07.2024 16:35 ,mikhaelyanta,3.0,Создать новый отчет по цессиям для компании :1207700266355 (цессии БФКО_корп бизнес),SytnikTI
ANL-2658,308727,,Готово,11.07.2024 12:53 ,23.07.2024 16:21 ,mikhaelyanta,5.0,Проблема с определением сегмента ЭР,mikhaelyanta
ANL-2286,274465,,Backlog,31.01.2024 14:39 ,23.07.2024 11:22 ,flerinvs,,Создание дашборда для ОЗС ,goryaynovaen
ANL-2523,297894,,Сделaть,24.05.2024 10:23 ,23.07.2024 11:17 ,mikhaelyanta,5.0,Подзадача ANL-2169 создание Дашборд сводка СБР/ЭР,mikhaelyanta
ANL-2518,297445,,Hold,22.05.2024 14:18 ,23.07.2024 11:17 ,flerinvs,1.0,Задача мидла_ проработка ,flerinvs
ANL-2621,305999,,Готово,28.06.2024 12:37 ,23.07.2024 10:38 ,mikhaelyanta,2.0,Проверить заполняемость ДИ ,mikhaelyanta
ANL-2557,300522,,Backlog,05.06.2024 10:52 ,22.07.2024 16:56 ,mikhaelyanta,,Выгружать ФИО заказчика в отчет КДКП,kovachevichmo
ANL-2596,304412,,Backlog,21.06.2024 10:27 ,22.07.2024 16:56 ,mikhaelyanta,3.0,Разработка отчетности ЭлРег (бухгалтерия),mikhaelyanta
ANL-2584,303582,,Hold,18.06.2024 16:08 ,22.07.2024 16:11 ,nikishinpa,5.0,Отчет по Привилегии_доработка и автоматизация,flerinvs
ANL-2640,307594,,Hold,05.07.2024 13:00 ,22.07.2024 16:11 ,nikishinpa,3.0,Автоматизация нового формата неипотеки,nikishinpa
ANL-2627,306392,,Hold,01.07.2024 15:47 ,22.07.2024 16:11 ,nikishinpa,3.0,Проработка системы заполнения словарей для ВТБ через разбор в письме,nikishinpa
ANL-2670,309798,,Готово,17.07.2024 10:20 ,22.07.2024 10:10 ,flerinvs,2.0,Задачи платформы ,flerinvs
ANL-2559,300774,,Готово,05.06.2024 18:44 ,22.07.2024 10:10 ,nikishinpa,3.0,Отчет по Частным риелторам прошедшим верификацию ,tanyginadv
ANL-2607,304799,,Готово,24.06.2024 12:47 ,22.07.2024 09:19 ,balitskayaav,2.0,Добавить сводную по уникальным сделкам в дешборд,mikhaelyanta
ANL-2359,280738,,Готово,01.03.2024 14:01 ,19.07.2024 19:10 ,flerinvs,2.0,Ежемесячная отчетность,flerinvs
ANL-2665,309408,,Готово,15.07.2024 16:24 ,19.07.2024 17:54 ,mikhaelyanta,3.0,Проанализировать ошибки ДКП,mikhaelyanta
ANL-2668,309734,,Готово,16.07.2024 17:31 ,19.07.2024 17:33 ,klekovkinve,2.0,Подготовить данные для квартальной презентации Сделки,klekovkinve
ANL-2677,310475,,Backlog,19.07.2024 16:34 ,19.07.2024 16:34 ,flerinvs,,Отслеживание ролей в дашбордах,botvinavv
ANL-2662,309154,,Готово,15.07.2024 09:44 ,19.07.2024 15:05 ,nikishinpa,3.0,"Активная база АНЧ по регионам (для расчета целей проекта ""Tour de russia"")",bakaldinayv
ANL-2639,307481,,Готово,04.07.2024 18:40 ,19.07.2024 13:08 ,mikhaelyanta,3.0,Добавить с отчет СУП возможность выгрузить простыню в каждой вкладке по всем пакетам ,kovievanv
ANL-2550,299821,,Готово,03.06.2024 12:22 ,19.07.2024 10:08 ,balitskayaav,2.0,Разобраться с рахождением дат в ижс сбр,balitskayaav
ANL-2555,300230,,Готово,04.06.2024 12:17 ,18.07.2024 18:44 ,klekovkinve,8.0,"Перенос и отмена неипотечных сделок, закрытие офисов ВТБ для проведение неипотечных сделок ",shmelevaem
ANL-2661,309265,,Готово,15.07.2024 12:41 ,18.07.2024 15:54 ,balitskayaav,1.0,Общение с финансами,balitskayaav
ANL-2667,309671,,Готово,16.07.2024 14:34 ,18.07.2024 13:14 ,flerinvs,3.0,Сформировать бэклог мидла ,flerinvs
ANL-2675,310066,,Готово,18.07.2024 10:47 ,18.07.2024 10:47 ,flerinvs,2.0,Роадмап по онбордингу,flerinvs
ANL-2599,304530,,Готово,21.06.2024 14:59 ,17.07.2024 18:25 ,klekovkinve,3.0,Учет новых событий chat в воронке чат-бота,maksyutovaem
ANL-2671,309876,,Закрыт,17.07.2024 13:24 ,17.07.2024 16:43 ,nikishinpa,1.0,Выгрузить отчет по заявкам втб с возвратами с 15 апреля по 15 июля ,kiselevais
ANL-2512,296437,,Готово,17.05.2024 15:16 ,17.07.2024 09:26 ,nikishinpa,3.0,Отчет по неипотечным сделкам в ТП Привилегия,altunyanar
ANL-2623,306003,,Готово,28.06.2024 12:39 ,15.07.2024 16:22 ,mikhaelyanta,2.0,Проверка неипотечных сделок,mikhaelyanta
ANL-2346,280452,,Готово,29.02.2024 16:15 ,15.07.2024 13:31 ,nikishinpa,3.0,Сколько зарегистрировано частных риелторов и в каком городе (без контактов) только количество,nikishinpa
ANL-2629,306600,,Готово,01.07.2024 22:52 ,15.07.2024 13:10 ,nikishinpa,1.0,Отчет по неипотечным сделкам,altunyanar
ANL-2645,307706,,Готово,05.07.2024 17:50 ,15.07.2024 12:03 ,nikishinpa,1.0,Документация Отчеб ИБ сводка,nikishinpa
ANL-2027,255444,,Готово,24.10.2023 15:47 ,15.07.2024 11:58 ,mikhaelyanta,,Формирование отчетов для МКБ,kluninany
ANL-2594,303937,,Готово,19.06.2024 16:54 ,15.07.2024 10:15 ,balitskayaav,2.0,Предоставление данных по продукту Электронной регистрации,rodinrs
ANL-2540,299115,,Готово,30.05.2024 10:23 ,12.07.2024 18:04 ,klekovkinve,3.0,Добавить в отчет по сделке информацию о промокодах и их доле в сделках,shmelevaem
ANL-2483,292398,,Готово,25.04.2024 18:55 ,12.07.2024 18:04 ,klekovkinve,8.0,первый подход к расчету экономики в ипотечной сделке,dmitrievaoa
ANL-2620,305992,,Готово,28.06.2024 12:13 ,12.07.2024 18:04 ,klekovkinve,2.0,Проверить корректность расчета автоматических ответов бота по ипотечным сделкам,zhuravlevaev
ANL-2500,294513,,Готово,08.05.2024 14:07 ,12.07.2024 18:04 ,flerinvs,8.0,Собрать цифры для построения юнит экономики для неипотечной сделки,dmitrievaoa
ANL-2497,294227,,Готово,07.05.2024 17:50 ,12.07.2024 18:04 ,mikhaelyanta,,Описание отчетов,mikhaelyanta
ANL-2502,294751,,Готово,13.05.2024 10:17 ,12.07.2024 18:04 ,nikishinpa,1.0,Выгрузка для ВТБ ГРМ,kluninany
ANL-2545,299483,,Готово,31.05.2024 11:52 ,12.07.2024 18:04 ,klekovkinve,1.0,"Корректировка расчета показателя ""Всего сообщений от физиков и риелторов"" в дэшборде Чат-бот воронка ",zhuravlevaev
ANL-2405,285462,,Готово,25.03.2024 16:19 ,12.07.2024 18:04 ,balitskayaav,5.0,Перенос Отчет СБР SLT на супер сет,flerinvs
ANL-2492,293625,,Готово,06.05.2024 09:39 ,12.07.2024 18:04 ,balitskayaav,5.0,Работа над макетом продуктового дашборда СБР часть 2,balitskayaav
ANL-2454,288765,,Готово,08.04.2024 12:56 ,12.07.2024 18:04 ,balitskayaav,2.0,Пофиксить проблему с альтернативой отчет (автоматическая отправка),balitskayaav
ANL-2463,289946,,Закрыт,12.04.2024 15:37 ,12.07.2024 18:04 ,nikishinpa,3.0,Автоматизация отчета ЭР Открытие СМБ,nikishinpa
ANL-2447,288332,,Готово,05.04.2024 12:29 ,12.07.2024 18:04 ,nikishinpa,3.0,Изучить автоматизацию отчетов с excel-редактированием,nikishinpa
ANL-2487,292807,,Готово,27.04.2024 12:01 ,12.07.2024 18:04 ,flerinvs,,Оценка трудозатрат на банк,flerinvs
ANL-2484,292520,,Готово,26.04.2024 11:29 ,12.07.2024 18:04 ,nikishinpa,3.0,Проверить корректность формирования отчетов по офисам эксБФКО.,nikishinpa
ANL-2490,293093,,Готово,02.05.2024 11:03 ,12.07.2024 18:04 ,mikhaelyanta,3.0,Подготовка вопросов по сегментации,mikhaelyanta
ANL-2260,272916,,Готово,24.01.2024 14:28 ,12.07.2024 18:04 ,flerinvs,5.0,Отчет по сделкам Самолет+ в ежемесячной рассылке,tatiankoaa
ANL-2499,294342,,Готово,08.05.2024 10:12 ,12.07.2024 18:04 ,mikhaelyanta,3.0,Создание словаря по планам SLT,mikhaelyanta
ANL-2481,292349,,Готово,25.04.2024 16:43 ,12.07.2024 18:04 ,mikhaelyanta,3.0,Когортный анализ ЭР по ВТБ,SytnikTI
ANL-2485,292539,,Готово,26.04.2024 12:21 ,12.07.2024 18:04 ,nikishinpa,5.0,MBO- добавить ЭР stand alone(сделку) + RR,nikishinpa
ANL-2491,293133,,Готово,02.05.2024 12:20 ,12.07.2024 18:04 ,nikishinpa,3.0,Разобраться с подразделениями MART BRANCH VTB POS,nikishinpa
ANL-2495,294071,,Готово,07.05.2024 13:31 ,12.07.2024 18:03 ,mikhaelyanta,5.0,Подзадача по задачке ANL-2169,mikhaelyanta
ANL-2489,293080,,Готово,02.05.2024 10:36 ,12.07.2024 18:03 ,nikishinpa,1.0,Выгрузка для ВТБ ГРМ,kluninany
ANL-2494,293799,,Готово,06.05.2024 14:57 ,12.07.2024 18:03 ,balitskayaav,1.0,Подготовить отчет по ручному снятию с контроля реквизитов платежа с 01.10.23 по 30.04.24,beseliarg
ANL-2421,286031,,Готово,27.03.2024 11:52 ,12.07.2024 18:03 ,balitskayaav,5.0,Уникальные сделки,balitskayaav
ANL-2480,292132,,Готово,24.04.2024 17:43 ,12.07.2024 18:03 ,balitskayaav,2.0,Срок размещения д/с на ном счете Первичка,novozhilovyp
ANL-2473,291320,,Готово,19.04.2024 17:30 ,12.07.2024 18:03 ,mikhaelyanta,2.0,Корректировка фильтров в отчете по КДКП,bobkotv
ANL-2479,291842,,Готово,23.04.2024 16:34 ,12.07.2024 18:03 ,flerinvs,5.0,Создать отчет-мониторинг по Самолету,flerinvs
ANL-2452,288634,,Готово,08.04.2024 10:10 ,12.07.2024 18:03 ,flerinvs,3.0,"Автоматизация отчета ""Свод по мульти ВТБ ФЛ_ЧМ"" и ""Свод по мульти ВТБ ЮЛ 10.08"" (Дек.ANL-2339)",flerinvs
ANL-2388,283426,,Закрыт,14.03.2024 22:40 ,12.07.2024 18:03 ,nikishinpa,5.0,Межрегиональные сделки (неипотека в Банке ВТБ),altunyanar
ANL-2657,308572,,Готово,10.07.2024 16:54 ,12.07.2024 15:37 ,balitskayaav,1.0,Посмотреть почему СБР сделки не попали в отчет,balitskayaav
ANL-2632,306931,,Сделать,02.07.2024 22:02 ,12.07.2024 14:57 ,flerinvs,,Документация по целевым витринам/дашбордам,lahvichds
ANL-2654,308213,,Готово,09.07.2024 13:23 ,11.07.2024 16:50 ,mikhaelyanta,1.0,Включение в отчет по ДКП сделок за 2 Q 2024 ,palunvi
ANL-2648,307835,,Готово,08.07.2024 06:03 ,11.07.2024 16:50 ,mikhaelyanta,2.0,Обновление отчета по ДКП,pleshkovatv
ANL-2377,282070,,Hold,07.03.2024 15:00 ,11.07.2024 14:44 ,nikishinpa,5.0,Отчетность по доле - изменение данных,nikishinpa
ANL-2542,299378,,Hold,30.05.2024 23:31 ,10.07.2024 12:41 ,mikhaelyanta,3.0,Корректировки Отчет по платному ДКП,altunyanar
ANL-2647,307834,,Закрыт,08.07.2024 06:03 ,10.07.2024 12:38 ,mikhaelyanta,2.0,Правки в отчет ДКП,pleshkovatv
ANL-2391,283544,,Готово,15.03.2024 13:42 ,10.07.2024 11:12 ,mikhaelyanta,3.0,Корректировка данных в отчет по ДКП ВТБ ,ivanovamv
ANL-2649,307893,,Готово,08.07.2024 11:18 ,09.07.2024 10:44 ,balitskayaav,1.0,Выгрузка по отлагательным условиям,balitskayaav
ANL-2606,304777,,Готово,24.06.2024 12:21 ,08.07.2024 15:44 ,balitskayaav,2.0,СБР дашборд замечания,balitskayaav
ANL-2417,286019,,Готово,27.03.2024 11:31 ,08.07.2024 13:01 ,balitskayaav,,Перенос простыни СБР в дашборд,balitskayaav
ANL-2416,286018,,Готово,27.03.2024 11:30 ,08.07.2024 13:01 ,balitskayaav,,Создание дашборда по основным метрикам сбр,balitskayaav
ANL-2339,279687,,Готово,27.02.2024 10:03 ,08.07.2024 13:00 ,flerinvs,5.0,Автоматизация отчетов по миграции,flerinvs
ANL-2190,267263,,Готово,15.12.2023 18:42 ,08.07.2024 13:00 ,flerinvs,13.0,Дашборд по плану и факту заключения неипотечных сделок,tatiankoaa
ANL-1915,239615,,Закрыт,17.08.2023 18:13 ,08.07.2024 13:00 ,mikhaelyanta,,"Пользователи отчета по цессиям, хотят чтобы в отчете был столбец с классификацией причины приостановки",BalandinDV
ANL-2589,303756,,Готово,19.06.2024 11:29 ,08.07.2024 13:00 ,flerinvs,1.0,Подбить kpi отдела,flerinvs
ANL-2581,303233,,Готово,17.06.2024 14:58 ,08.07.2024 13:00 ,flerinvs,2.0,Сформировать отчет для бухов в as is  формате ,flerinvs
ANL-2651,307945,,Закрыт,08.07.2024 12:50 ,08.07.2024 12:56 ,mikhaelyanta,1.0,Выгрузка неипотечных ЭР ВТБ,mikhaelyanta
ANL-2580,303215,,Сделaть,17.06.2024 14:10 ,08.07.2024 12:46 ,balitskayaav,1.0,Отрубить СБР с облака,flerinvs
ANL-2634,306942,,Готово,03.07.2024 09:18 ,08.07.2024 12:29 ,mikhaelyanta,,Корректировка отчета ДКП,mikhaelyanta
ANL-2646,307719,,Backlog,05.07.2024 19:29 ,05.07.2024 19:29 ,flerinvs,,Перенести все на новый конфлюенс,flerinvs
ANL-2622,306001,,Закрыт,28.06.2024 12:38 ,05.07.2024 13:03 ,nikishinpa,5.0,Draft отчет по неипотеке,mikhaelyanta
ANL-2626,306308,,Готово,01.07.2024 12:28 ,05.07.2024 10:47 ,mikhaelyanta,,Отчет ВТБ СМБ,mikhaelyanta
ANL-2619,305670,,Готово,27.06.2024 12:18 ,05.07.2024 10:47 ,mikhaelyanta,2.0,Выгрузить отчет по компании - 7714637341 (МР групп),chizhikovaea
ANL-2625,306226,,Готово,01.07.2024 10:05 ,04.07.2024 18:23 ,flerinvs,2.0,Подготовить SA - задачи,flerinvs
ANL-2414,285968,,Готово,27.03.2024 09:32 ,01.07.2024 16:13 ,flerinvs,8.0,Перенос отчета из когноса  Отчет по сделке онлайн,flerinvs
ANL-2612,305345,,Готово,26.06.2024 10:30 ,01.07.2024 09:59 ,flerinvs,2.0,Задачи на Q'3,flerinvs
ANL-2605,304749,,Готово,24.06.2024 11:40 ,28.06.2024 18:09 ,mikhaelyanta,8.0,Сверка неипотечных сделок,mikhaelyanta
ANL-2595,304352,,Готово,21.06.2024 05:42 ,28.06.2024 18:09 ,mikhaelyanta,1.0,Добавление ДКП в отчет с привязкой к СБР (через отдельную вкладку),pleshkovatv
ANL-2598,304507,,Готово,21.06.2024 13:47 ,28.06.2024 18:09 ,mikhaelyanta,1.0,Добавление ДКП в отчет с привязкой к СБР (через отдельную вкладку),pleshkovatv
ANL-2572,302669,,Готово,14.06.2024 10:26 ,28.06.2024 16:42 ,balitskayaav,5.0,Собрать требования по вкладке производительность сотрудников,balitskayaav
ANL-2106,262488,,Сделaть,24.11.2023 11:34 ,28.06.2024 16:16 ,balitskayaav,5.0,сделать ресерч проблемы,balitskayaav
ANL-2604,304701,,Готово,24.06.2024 10:01 ,28.06.2024 14:48 ,balitskayaav,2.0,Сформировать задачу на СА по ИЖС,flerinvs
ANL-2618,305610,,Готово,27.06.2024 10:11 ,28.06.2024 14:14 ,mikhaelyanta,1.0,Проверка сделок ЭР,mikhaelyanta
ANL-2609,304841,,Готово,24.06.2024 13:29 ,27.06.2024 15:45 ,mikhaelyanta,,Выгрузка для ВТБ ГРМ,kluninany
ANL-2610,305181,,Готово,25.06.2024 14:30 ,27.06.2024 15:45 ,mikhaelyanta,,Перезакрепление сотрудников между ТП-отражение данных в отчетности (ДКП),palunvi
ANL-2299,275123,,Готово,02.02.2024 16:52 ,26.06.2024 17:40 ,mikhaelyanta,2.0,Ошибочные ЭР в отчете,mikhaelyanta
ANL-2402,285057,,Backlog,22.03.2024 13:19 ,26.06.2024 17:35 ,mikhaelyanta,,Удалить пустые заявки в отчетах ЭР,ignatovaaa
ANL-2036,256694,,Готово,30.10.2023 12:33 ,26.06.2024 17:28 ,mikhaelyanta,,Ошибка в формировании owner_user_role по Защите и проверке,mikhaelyanta
ANL-1868,236715,,Закрыт,04.08.2023 15:28 ,26.06.2024 17:28 ,mikhaelyanta,,"Корректировка отчета по доле СБР/ЭР, ДКП, КС в ипотеке ВТБ ГЖ по офисам",mikhaelyanta
ANL-1990,252207,,Готово,10.10.2023 17:34 ,26.06.2024 17:28 ,mikhaelyanta,,Выгрузить сводную по защите и проверке по АНЧ,mikhaelyanta
ANL-2229,270609,,Hold,12.01.2024 10:51 ,26.06.2024 13:42 ,nikishinpa,8.0,"МБО в разрезе каждого сотрудника и продукта (План, Факт, РР, Динамика от прошлого месяца",nikishinpa
ANL-2614,305424,,Backlog,26.06.2024 13:31 ,26.06.2024 13:39 ,balitskayaav,,Перенос дашборда из когноса,balitskayaav
ANL-1858,230373,,Закрыт,04.07.2023 13:01 ,26.06.2024 13:37 ,balitskayaav,,"Переезд СБР на новый разбор (""ODS_A_SBR"".""STTE"")",petuhovana
ANL-2552,299837,,Сделaть,03.06.2024 12:47 ,26.06.2024 13:30 ,balitskayaav,3.0, Сделать автоматизацию по втб укэп ,balitskayaav
ANL-2527,298028,,Сделaть,24.05.2024 14:31 ,26.06.2024 13:22 ,balitskayaav,,Цифры по юнит-экономике,balitskayaav
ANL-2548,299766,,Готово,03.06.2024 10:19 ,24.06.2024 17:33 ,mikhaelyanta,5.0,Исправить ошибку в ЭР,mikhaelyanta
ANL-1967,250336,,Готово,03.10.2023 12:36 ,24.06.2024 17:33 ,mikhaelyanta,3.0,В отчет ЭР 2.0 Дашборд для ВТБ необходимо внести исправления.,ignatovaaa
ANL-2056,259199,,Готово,09.11.2023 14:45 ,24.06.2024 17:33 ,mikhaelyanta,5.0,Сверка ЭР ,mikhaelyanta
ANL-2575,302861,,Готово,14.06.2024 16:00 ,24.06.2024 12:18 ,balitskayaav,3.0,Выгрузка незавершенных ипотесных сделок ВТБ,mikhaelyanta
ANL-2034,256516,,Готово,28.10.2023 20:50 ,24.06.2024 12:17 ,balitskayaav,3.0,Изменить представление во вкладке Оферты М2,kartaevry
ANL-2562,300965,,Готово,06.06.2024 09:53 ,24.06.2024 12:17 ,balitskayaav,3.0,Выгрузка для финансов ЭР+СБР,flerinvs
ANL-2571,302664,,Готово,14.06.2024 10:18 ,24.06.2024 11:38 ,mikhaelyanta,5.0,Сверка неипотечных сделок,mikhaelyanta
ANL-2588,303695,,Готово,19.06.2024 09:48 ,24.06.2024 10:15 ,flerinvs,3.0,Собрать отчет по Привелегии ,flerinvs
ANL-2586,303692,,Готово,19.06.2024 09:30 ,24.06.2024 09:30 ,flerinvs,2.0,Чек стартовой страницы и создание новой для ВТБ,flerinvs
ANL-2203,269361,,Закрыт,28.12.2023 12:01 ,21.06.2024 13:34 ,flerinvs,,Предоставление отчет по цессии (в рамках перевода залогов Открытия в ВТБ),kluninany
ANL-2396,284721,,Hold,21.03.2024 11:31 ,21.06.2024 12:21 ,mikhaelyanta,3.0,Изменение в сделках Банк ВТБ,mikhaelyanta
ANL-2567,301410,,Готово,07.06.2024 15:21 ,21.06.2024 10:33 ,mikhaelyanta,2.0,Регион застройщика в исходных данных для когортного анализа,SytnikTI
ANL-2563,301030,,Готово,06.06.2024 12:19 ,21.06.2024 10:32 ,mikhaelyanta,3.0,Подготовить документация по сделкам,mikhaelyanta
ANL-2566,301378,,Готово,07.06.2024 14:17 ,21.06.2024 10:31 ,mikhaelyanta,2.0,Добавить в отчет по СУП во вкладке исходящие Юр адрес компании получателя,kovievanv
ANL-2525,297985,,Готово,24.05.2024 13:10 ,20.06.2024 10:58 ,balitskayaav,3.0,Чистка когнос,flerinvs
ANL-2577,303067,,Готово,17.06.2024 11:36 ,19.06.2024 09:49 ,flerinvs,2.0,Retention для СО,flerinvs
ANL-2532,298450,,Закрыт,27.05.2024 17:57 ,19.06.2024 09:48 ,flerinvs,1.0,проработка доступов в ЛК SS для ВТБ,flerinvs
ANL-2553,299866,,Готово,03.06.2024 13:52 ,18.06.2024 14:55 ,flerinvs,3.0,Задача от Картаева,flerinvs
ANL-2582,303238,,Готово,17.06.2024 15:10 ,17.06.2024 16:43 ,mikhaelyanta,2.0,Сверка сделок АНЧ,mikhaelyanta
ANL-2579,303137,,Готово,17.06.2024 12:26 ,17.06.2024 16:43 ,mikhaelyanta,1.0,Отчет ВТБ ГРМ,mikhaelyanta
ANL-2551,299826,,Закрыт,03.06.2024 12:30 ,17.06.2024 12:27 ,nikishinpa,5.0,MBO атрибуты и ревью,nikishinpa
ANL-2578,303134,,Готово,17.06.2024 12:24 ,17.06.2024 12:24 ,balitskayaav,1.0,Догрузить к зависшим сбр фио,balitskayaav
ANL-2576,302944,,Готово,15.06.2024 15:53 ,17.06.2024 10:02 ,mikhaelyanta,,Не корректный скрипт загрузки витрины DM2_ALTERNATIVE_BI_DKP_REPORT,yumatovad
ANL-2319,277636,,Готово,14.02.2024 18:32 ,14.06.2024 11:07 ,balitskayaav,8.0,Создание дашбордов для СБР часть 1. Анализ и сбор требований,kartaevry
ANL-2498,294232,,Готово,07.05.2024 18:04 ,14.06.2024 11:02 ,mikhaelyanta,5.0,Добавить в отчет по доле дкп данные ГЖ от ВТБ,nikishinpa
ANL-2558,300567,,Готово,05.06.2024 12:35 ,14.06.2024 10:37 ,balitskayaav,3.0,Выгрузить КС созданные не из ВКС/СО,beseliarg
ANL-2501,294558,,Готово,08.05.2024 15:17 ,14.06.2024 09:58 ,mikhaelyanta,2.0,Подвязать ручники в отчет ДКП,mikhaelyanta
ANL-2560,300786,,Готово,05.06.2024 20:34 ,13.06.2024 16:33 ,mikhaelyanta,1.0,Добавление ДКП в отчет с привязкой к ЭР,pleshkovatv
ANL-1922,245181,,Готово,11.09.2023 17:11 ,13.06.2024 12:31 ,flerinvs,,Отчетность в рамках пилота по Чатам с ВТБ,anpilogovayv
ANL-1988,251984,,Готово,10.10.2023 10:44 ,13.06.2024 12:31 ,flerinvs,,Отчет по продажам Сделки онлайн,tatiankoaa
ANL-2569,301680,,Готово,10.06.2024 12:33 ,10.06.2024 12:34 ,nikishinpa,3.0,Отчет по доле неипотек в ГЖ,nikishinpa
ANL-2422,286040,,Готово,27.03.2024 12:17 ,10.06.2024 12:33 ,nikishinpa,3.0,Перевод отчетов на автоматизированную рассылку,nikishinpa
ANL-2547,299665,,Закрыт,31.05.2024 18:34 ,10.06.2024 08:32 ,flerinvs,1.0,Передача дел Владу (чаты) Ч.2,flerinvs
ANL-2543,299414,,Готово,31.05.2024 09:18 ,07.06.2024 09:52 ,mikhaelyanta,2.0,Проверить связку СУП и ЭР,mikhaelyanta
ANL-2161,266298,,Закрыт,12.12.2023 16:50 ,06.06.2024 14:27 ,balitskayaav,,"Разобраться с холдинговыми компаниями, у которых есть сделка онлайн сервис",balitskayaav
ANL-2556,300479,,Готово,05.06.2024 09:32 ,06.06.2024 12:17 ,mikhaelyanta,1.0,ежемесячный отчет ВТБ СМБ,mikhaelyanta
ANL-2546,299664,,Готово,31.05.2024 18:33 ,05.06.2024 09:38 ,flerinvs,1.0,собрать инженерные задачи от BI ,flerinvs
ANL-2554,300222,,Готово,04.06.2024 12:00 ,04.06.2024 12:50 ,flerinvs,1.0,Ежемесячный отчет для Бухгалтерии,flerinvs
ANL-2179,261811,,Готово,21.11.2023 16:24 ,03.06.2024 16:49 ,flerinvs,5.0,Отчет по качеству ответов чат бота (шаблоны),zhuravlevaev
ANL-2504,295594,,Hold,15.05.2024 10:15 ,03.06.2024 16:13 ,balitskayaav,3.0,Необходим отчет по сделкам ИЖС Почта банка ,kluninany
ANL-2196,267769,,Готово,19.12.2023 14:43 ,03.06.2024 15:45 ,nikishinpa,2.0,Дополнить описание отчетов,flerinvs
ANL-2211,269663,,Закрыт,08.01.2024 22:46 ,03.06.2024 15:40 ,nikishinpa,2.0,Документация по доле КС,nikishinpa
ANL-2212,269664,,Закрыт,08.01.2024 22:48 ,03.06.2024 15:39 ,nikishinpa,2.0,Документация по доле СБР/ЭР,nikishinpa
ANL-2210,269662,,Закрыт,08.01.2024 22:44 ,03.06.2024 15:38 ,nikishinpa,2.0,Документация по доле ДКП,nikishinpa
ANL-2549,299819,,Готово,03.06.2024 12:06 ,03.06.2024 13:38 ,nikishinpa,1.0,Выгрузка для ВТБ ГРМ,kluninany
ANL-2529,298271,,Закрыт,27.05.2024 12:11 ,03.06.2024 13:35 ,nikishinpa,1.0,Выгрузка для ВТБ ГРМ,kluninany
ANL-2535,298713,,Закрыт,28.05.2024 16:51 ,03.06.2024 12:20 ,nikishinpa,5.0,Инструкция и коррективы словаря регионов для продаж + собрать анализ от продаж,nikishinpa
ANL-2331,279013,,Готово,21.02.2024 20:33 ,03.06.2024 10:01 ,mikhaelyanta,2.0,Дубли в отчете по платному ДКП от 19.02,ivanovamv
ANL-2159,266193,,Готово,12.12.2023 13:36 ,03.06.2024 10:01 ,mikhaelyanta,5.0,Новая логика по закреплению продажи за менеджером ЦИК в отчете ДКП М2 ВТБ,ScherbakovaKA
ANL-2443,287655,,Готово,03.04.2024 14:18 ,03.06.2024 10:01 ,mikhaelyanta,3.0,"Корректировка отчета ""Отчет по платному ДКП от М2""",bobkotv
ANL-2544,299485,,Готово,31.05.2024 11:57 ,03.06.2024 10:01 ,mikhaelyanta,1.0,Добавить новый тариф по ДКП для ВТБ,mikhaelyanta
ANL-2158,266093,,Готово,12.12.2023 10:30 ,03.06.2024 10:01 ,mikhaelyanta,2.0,Ошибка в отчете по платному ДКП,mikhaelyanta
ANL-2526,297988,,Готово,24.05.2024 13:14 ,03.06.2024 09:49 ,flerinvs,1.0,Передача дел Владу (не ипотека),flerinvs
ANL-2539,298882,,Готово,29.05.2024 11:59 ,03.06.2024 09:48 ,flerinvs,1.0,Проработать сурсы для отключения от обновления_ч2(декомпозиция),flerinvs
ANL-2531,298448,,Готово,27.05.2024 17:54 ,03.06.2024 09:48 ,flerinvs,1.0,Убрать использование личных УЗ в постгре,flerinvs
ANL-2209,269661,,Закрыт,08.01.2024 22:41 ,03.06.2024 07:51 ,nikishinpa,2.0,Документация ЭР Открытие СМБ,nikishinpa
ANL-1928,245790,,Закрыт,13.09.2023 14:03 ,31.05.2024 18:06 ,flerinvs,1.0,Перенос отчетности с когноса на СС(оценка),flerinvs
ANL-2524,297919,,Готово,24.05.2024 11:05 ,31.05.2024 12:48 ,mikhaelyanta,3.0,Анализ переноса Дешборда ЭР SLT в SuperSet,mikhaelyanta
ANL-2534,298677,,Готово,28.05.2024 15:20 ,31.05.2024 11:47 ,balitskayaav,3.0,"Выгрузить отчет с января 2024 года помесячной статистики кол-ва СБР со статусом ""Ожидание разблокировки эскроу счета"" ",beseliarg
ANL-2519,297446,,Готово,22.05.2024 14:20 ,31.05.2024 10:11 ,flerinvs,2.0,"Подготовить пачку простых задач, проверить защиту",flerinvs
ANL-2528,298197,,Готово,27.05.2024 09:18 ,31.05.2024 10:10 ,flerinvs,2.0,Требования к вакансии,flerinvs
ANL-2507,296158,,Готово,16.05.2024 16:01 ,31.05.2024 10:10 ,flerinvs,3.0,пофикисть ВТБ ФЛ автоотправку ,flerinvs
ANL-2258,272910,,Готово,24.01.2024 14:11 ,29.05.2024 17:48 ,balitskayaav,,Создание дашборда по основным метрикам СБР,ivanovamv
ANL-1511,151527,,Готово,23.06.2022 10:31 ,29.05.2024 17:48 ,balitskayaav,,Общий дэшборд по СБР,arakelovae
ANL-1527,153475,,Готово,04.07.2022 11:21 ,29.05.2024 17:48 ,balitskayaav,2.0,Новые атрибуты в простыню СБР,arakelovae
ANL-1878,239989,,Hold,20.08.2023 17:17 ,29.05.2024 10:17 ,flerinvs,,Отчетность по ЭР для корп.бизнеса ВТБ,stalskayads
ANL-2080,260822,,Backlog,16.11.2023 15:08 ,29.05.2024 10:17 ,mikhaelyanta,,Ошибка в статусе ЭР,mikhaelyanta
ANL-2374,281765,,Backlog,06.03.2024 17:33 ,29.05.2024 10:17 ,mikhaelyanta,,Отчет ВТБ СМБ доработки,mikhaelyanta
ANL-1900,243536,,Backlog,04.09.2023 14:04 ,29.05.2024 10:00 ,flerinvs,,Подробности про чаты с 2+ риелторами,zhuravlevaev
ANL-2256,272778,,Backlog,23.01.2024 19:15 ,29.05.2024 10:00 ,flerinvs,,Подготовка аналитики для программы лояльности,konstantinovada
ANL-2059,259641,,Закрыт,10.11.2023 18:22 ,29.05.2024 10:00 ,flerinvs,,Рефакторинг ПОДФТ,flerinvs
ANL-2167,266765,,Закрыт,14.12.2023 10:20 ,29.05.2024 09:58 ,flerinvs,3.0,Перенос на СС_Чаты_часть для бэк-офиса,flerinvs
ANL-2023,255195,,Backlog,23.10.2023 19:12 ,29.05.2024 09:56 ,flerinvs,,КДКП,flerinvs
ANL-2013,254081,,В работе,18.10.2023 10:48 ,29.05.2024 09:53 ,flerinvs,,Отчет по чатам,konorevate
ANL-2468,290909,,Backlog,18.04.2024 12:20 ,29.05.2024 09:51 ,flerinvs,,Добавить в Дашборд Сделка поэтапную воронку от статуса драфт до оплаты,dmitrievaoa
ANL-2470,291133,,Backlog,19.04.2024 10:44 ,29.05.2024 09:51 ,flerinvs,,Построить воронку по ипотечным сделкам,flerinvs
ANL-2425,286255,,Hold,28.03.2024 10:37 ,29.05.2024 09:51 ,flerinvs,3.0,Ипотечные сделки - доработка отчета,anpilogovayv
ANL-2464,290081,,Hold,15.04.2024 10:54 ,29.05.2024 09:51 ,flerinvs,,Ипотечные сделки - рисерч влияния запуска пилота,anpilogovayv
ANL-2471,291164,,Backlog,19.04.2024 11:23 ,29.05.2024 09:51 ,flerinvs,,Проверка гипотез,flerinvs
ANL-2475,291411,,Backlog,22.04.2024 11:00 ,29.05.2024 09:51 ,flerinvs,,Анализ продаж с комнатой и без (А/А - тест),flerinvs
ANL-2476,291415,,Backlog,22.04.2024 11:05 ,29.05.2024 09:51 ,flerinvs,,Когортный анализ по доходам от клиентов,flerinvs
ANL-2469,291116,,Сделaть,19.04.2024 10:31 ,29.05.2024 09:51 ,flerinvs,8.0,Выстроить систему метрик для отслеживания здоровья продукта,flerinvs
ANL-2522,297833,,Backlog,23.05.2024 17:36 ,29.05.2024 09:51 ,flerinvs,,Исследовать когорты пользователей в продукте Сделка,dmitrievaoa
ANL-2238,271772,,Готово,18.01.2024 12:10 ,28.05.2024 13:10 ,flerinvs,,Добавить поле сумма сделки СБР,flerinvs
ANL-2506,295853,,Готово,15.05.2024 16:06 ,28.05.2024 10:38 ,nikishinpa,5.0,Аналитика по Московским компаниям за 2023-2024 год,gladkikhky
ANL-2511,296304,,Закрыт,17.05.2024 12:05 ,27.05.2024 12:31 ,nikishinpa,3.0,Автоматизация отчета ЭР МКБ,nikishinpa
ANL-2503,295343,,Закрыт,14.05.2024 13:43 ,27.05.2024 09:05 ,flerinvs,5.0,Отключить от обновлений отчеты когнос,flerinvs
ANL-2513,296567,,Готово,20.05.2024 09:44 ,27.05.2024 09:04 ,flerinvs,2.0,"Ипотечные сделки - доработать отчет, добавить среднее время ответа в чат по сделке (без ограничений)",anpilogovayv
ANL-2510,296298,,Закрыт,17.05.2024 11:59 ,24.05.2024 18:25 ,balitskayaav,5.0,Правки в дашборд СБР ,balitskayaav
ANL-2520,297770,,Готово,23.05.2024 14:53 ,24.05.2024 17:40 ,balitskayaav,1.0,Выгрузить статистику по количеству заявок на ООН за 2024 год,beseliarg
ANL-2517,297279,,Готово,22.05.2024 10:09 ,24.05.2024 10:55 ,flerinvs,2.0,Квартальный ПОДФТ ,flerinvs
ANL-2515,296833,,Готово,20.05.2024 16:37 ,23.05.2024 13:37 ,nikishinpa,1.0,Выгрузка для ВТБ ГРМ,kluninany
ANL-2516,297081,,Готово,21.05.2024 13:49 ,23.05.2024 10:50 ,mikhaelyanta,1.0,Проверить отчет по цессиям,mikhaelyanta
ANL-2493,293771,,Готово,06.05.2024 13:52 ,21.05.2024 17:30 ,mikhaelyanta,1.0,"Выгрузка партнеров, подключенных к ЭР и СУП",kovievanv
ANL-2458,289746,,Готово,12.04.2024 09:51 ,21.05.2024 10:13 ,mikhaelyanta,5.0,Подзадача 8 ANL-2169 создание Дашборд сводка СБР/ЭР,mikhaelyanta
ANL-2436,286994,,Backlog,01.04.2024 13:06 ,16.05.2024 17:13 ,balitskayaav,,Дэшборд с проникновение сделок ЭлРег в ипотечные сделки ВТБ,pichuginaaz
ANL-1919,244426,,Готово,07.09.2023 12:33 ,15.05.2024 11:21 ,mikhaelyanta,,Добавить фильтр в отчет по защите,mikhaelyanta
ANL-1870,237482,,Закрыт,09.08.2023 12:50 ,14.05.2024 12:00 ,flerinvs,,Автоматизация отчета по аналитике чата,melikyanvv
ANL-1892,241524,,Готово,25.08.2023 16:26 ,14.05.2024 12:00 ,flerinvs,,Дэшборд по чатам,zhuravlevaev
ANL-2145,265420,,Готово,07.12.2023 19:07 ,14.05.2024 12:00 ,flerinvs,3.0,Подзадача_ANL-1996_Добавить в Дэшборд по чатам инфо(правки),flerinvs
ANL-2460,289820,,Готово,12.04.2024 11:48 ,13.05.2024 10:28 ,balitskayaav,2.0,Макет по дашборду СБР,balitskayaav
ANL-1989,252149,,Backlog,10.10.2023 15:39 ,08.05.2024 12:15 ,mikhaelyanta,,Не тянется информация  по ФИО,mikhaelyanta
ANL-1869,237264,,Готово,08.08.2023 16:00 ,08.05.2024 12:15 ,mikhaelyanta,,Создание отчета по ЭР для Открытия,mikhaelyanta
ANL-2026,255378,,Готово,24.10.2023 13:19 ,08.05.2024 10:52 ,flerinvs,,Цессии доработка-автоматизация,flerinvs
ANL-1916,239503,,Готово,17.08.2023 13:10 ,08.05.2024 10:52 ,mikhaelyanta,3.0,"Пользователи отчетов по цессиям хотят, чтобы в отчете не было дублей",BalandinDV
ANL-2365,281212,,Готово,05.03.2024 10:43 ,07.05.2024 16:14 ,mikhaelyanta,5.0,Создать новый отчет по цессиям для компании :1177746463960 (цессии БФКО),ignatovaaa
ANL-2222,270061,,Готово,10.01.2024 12:03 ,06.05.2024 18:21 ,flerinvs,5.0,Дэшборд с логами,flerinvs
ANL-2426,286277,,Готово,28.03.2024 11:24 ,06.05.2024 15:00 ,balitskayaav,,Подготовить отчет по ручному снятию с контроля реквизитов платежа по ДДУ,beseliarg
ANL-2488,293066,,Закрыт,02.05.2024 09:58 ,03.05.2024 17:51 ,flerinvs,,Проверить отчет в когносе,flerinvs
ANL-2380,282545,,Готово,11.03.2024 17:27 ,03.05.2024 15:26 ,mikhaelyanta,2.0,Добавить в отчет по СУП вкладку с возможностью выгрузить простыню по пакетам,kovievanv
ANL-2313,276619,,Готово,09.02.2024 16:21 ,02.05.2024 11:33 ,mikhaelyanta,5.0,Подзадача 7 ANL-2169 создание Дашборд сводка СБР/ЭР,mikhaelyanta
ANL-2379,282456,,Готово,11.03.2024 15:06 ,02.05.2024 11:31 ,mikhaelyanta,8.0,Подзадача 4 ANL-2169 создание Дашборд сводка СБР/ЭР,mikhaelyanta
ANL-2474,291339,,Закрыт,19.04.2024 18:30 ,27.04.2024 11:12 ,flerinvs,,Сверить ручной отчет мидла по ФЛ с данными в Когносе,dmitrievaoa
ANL-2397,284855,,Backlog,21.03.2024 17:11 ,27.04.2024 11:12 ,balitskayaav,,Доработка дашборда в СС по межрег. сделкам,berezinavv
ANL-2345,280451,,Backlog,29.02.2024 16:13 ,27.04.2024 11:11 ,nikishinpa,,Общий отчет по всем продуктам (Как СБр СЛТ только всё вместе),nikishinpa
ANL-2472,291285,,Закрыт,19.04.2024 15:59 ,26.04.2024 12:12 ,nikishinpa,5.0,MBO- коррективы словарей привязок,nikishinpa
ANL-2462,289943,,Закрыт,12.04.2024 15:32 ,26.04.2024 11:53 ,nikishinpa,5.0,MBO - рассчитать и добавить показания M2ПРО и неипотечные АНЧ,nikishinpa
ANL-2477,291581,,Закрыт,22.04.2024 16:39 ,23.04.2024 11:57 ,nikishinpa,1.0,Выгрузка для ВТБ ГРМ,kluninany
ANL-2364,281102,,Готово,04.03.2024 16:11 ,22.04.2024 12:45 ,balitskayaav,5.0,Отчет_ срезы времени по процессу,ivanovamv
ANL-2446,288298,,Готово,05.04.2024 11:48 ,22.04.2024 12:45 ,flerinvs,3.0,Доработать графики в отчете KPI без ипотеки ,dmitrievaoa
ANL-2455,288768,,Готово,08.04.2024 12:57 ,19.04.2024 11:25 ,balitskayaav,1.0,Убрать ручное нажатие на рассылку когноса,balitskayaav
ANL-2466,290425,,Готово,16.04.2024 13:08 ,18.04.2024 13:29 ,balitskayaav,1.0,Добавить КВ в сводку СБР ,balitskayaav
ANL-2445,288161,,Готово,04.04.2024 19:14 ,17.04.2024 15:49 ,mikhaelyanta,5.0,Когортный анализ ЭР,SytnikTI
ANL-2284,274314,,Готово,31.01.2024 10:41 ,17.04.2024 11:49 ,flerinvs,3.0,Сформировать титульную страничку для SS + опрос,flerinvs
ANL-2459,289771,,Готово,12.04.2024 10:36 ,17.04.2024 11:49 ,flerinvs,2.0,Подготовить слайды для демо,flerinvs
ANL-2467,290541,,Готово,16.04.2024 17:17 ,16.04.2024 17:18 ,balitskayaav,1.0,Выгрузка по сбр и эр ,balitskayaav
ANL-2358,280643,,Готово,01.03.2024 11:12 ,15.04.2024 17:04 ,flerinvs,5.0,Выводить дополнительные поля в отчете по Сделке Суперсет,dmitrievaoa
ANL-2465,290096,,Закрыт,15.04.2024 11:32 ,15.04.2024 11:34 ,nikishinpa,3.0,Неипотека- поддержка отчета,nikishinpa
ANL-2449,288417,,Закрыт,05.04.2024 15:03 ,15.04.2024 11:31 ,nikishinpa,5.0,MBO перевод в superset,nikishinpa
ANL-2448,288373,,Готово,05.04.2024 13:26 ,15.04.2024 09:57 ,flerinvs,3.0,Сметчить отчет сотрудников ОЗС за март с отчетом Суперсет,dmitrievaoa
ANL-2435,286988,,Готово,01.04.2024 12:57 ,12.04.2024 11:58 ,balitskayaav,2.0,Подготовить ТЗ по уникальным,balitskayaav
ANL-2457,289539,,Готово,11.04.2024 11:15 ,11.04.2024 17:29 ,flerinvs,,Сформировать бэклог сотруднику,flerinvs
ANL-2333,279170,,Готово,22.02.2024 13:58 ,11.04.2024 10:12 ,balitskayaav,3.0,Анализ потребностей со стороны команды СБР,balitskayaav
ANL-2441,287380,,Готово,02.04.2024 16:06 ,11.04.2024 09:26 ,balitskayaav,5.0,Расчет проникновения сделок ЭлРег в ипотечные сделки ВТБ,pichuginaaz
ANL-2227,270601,,Готово,12.01.2024 10:37 ,10.04.2024 12:09 ,mikhaelyanta,3.0,Подзадача ANL-2169 создание Дашборд сводка СБР/ЭР,mikhaelyanta
ANL-2270,273545,,Готово,26.01.2024 14:00 ,10.04.2024 12:09 ,mikhaelyanta,5.0,Подзадача ANL-2169 создание Дашборд сводка СБР/ЭР,mikhaelyanta
ANL-2399,284928,,Готово,22.03.2024 10:01 ,10.04.2024 12:08 ,mikhaelyanta,5.0,Подзадача 5 ANL-2169 создание Дашборд сводка СБР/ЭР,mikhaelyanta
ANL-2429,286619,,Готово,29.03.2024 12:05 ,10.04.2024 12:08 ,mikhaelyanta,3.0,Подзадача 6 ANL-2169 создание Дашборд сводка СБР/ЭР,mikhaelyanta
ANL-2451,288633,,Готово,08.04.2024 10:10 ,09.04.2024 16:12 ,flerinvs,3.0,"Автоматизация отчета ""Миграция моно заявки за последние 30"" (Дек.ANL-2339)",flerinvs
ANL-2432,286735,,Ревью,29.03.2024 16:27 ,09.04.2024 12:46 ,flerinvs,3.0,Доработка отчета от аналитика,buganovaos
ANL-1981,251251,,Готово,06.10.2023 09:48 ,09.04.2024 09:57 ,mikhaelyanta,3.0,Переделать датасет для дашборда по СБР и ЭР,mikhaelyanta
ANL-2453,288666,,Закрыт,08.04.2024 10:41 ,08.04.2024 12:55 ,balitskayaav,1.0,Выгрузить сверку укэп ,balitskayaav
ANL-2434,286914,,Готово,01.04.2024 11:08 ,08.04.2024 12:35 ,nikishinpa,1.0,Детализация ДКП февраль,nikishinpa
ANL-2450,288623,,Готово,08.04.2024 09:56 ,08.04.2024 09:59 ,flerinvs,5.0,"Автоматизация отчета ""Миграция компании ВТБ"" (Дек.ANL-2339)",flerinvs
ANL-2424,286252,,Готово,28.03.2024 10:32 ,08.04.2024 09:53 ,flerinvs,5.0,KPI СО (План/Факт),flerinvs
ANL-2390,283506,,Готово,15.03.2024 11:59 ,08.04.2024 09:32 ,balitskayaav,2.0,Атрибут в простынь СБР,balitskayaav
ANL-2433,286754,,Готово,29.03.2024 17:12 ,05.04.2024 15:03 ,balitskayaav,5.0,Срок размещения д/с на ном счете Первичка ДДУ,beseliarg
ANL-2431,286748,,Закрыт,29.03.2024 16:49 ,05.04.2024 14:57 ,nikishinpa,5.0,MBO- Агрегация категорий и источников данных,nikishinpa
ANL-2170,266896,,Backlog,14.12.2023 14:59 ,04.04.2024 16:35 ,mikhaelyanta,,Корректировка ЭР,mikhaelyanta
ANL-2437,287086,,Готово,01.04.2024 16:35 ,03.04.2024 15:49 ,mikhaelyanta,2.0,Сформировать отчет ВТБ СМБ по марту,mikhaelyanta
ANL-2014,254147,,Готово,18.10.2023 12:34 ,03.04.2024 09:56 ,flerinvs,,Добавить информацию о сделках с занижением,beseliarg
ANL-2094,261460,,Готово,20.11.2023 15:35 ,03.04.2024 09:56 ,flerinvs,3.0,Отнести сделки с занижением к сегменту АНЧ в когнос,beseliarg
ANL-2407,285503,,Backlog,25.03.2024 17:51 ,02.04.2024 21:37 ,mikhaelyanta,,Описание бизнес-логики отчетов ЭР,mikhaelyanta
ANL-2363,280989,,Hold,04.03.2024 12:04 ,02.04.2024 14:18 ,balitskayaav,1.0,Пофиксить проблему с датой списания дс со счета в простыне СБР,balitskayaav
ANL-2376,282068,,Hold,07.03.2024 14:56 ,02.04.2024 14:18 ,nikishinpa,3.0,Предоставить список ретро отчетов по прошлым годам,nikishinpa
ANL-2420,286024,,Backlog,27.03.2024 11:32 ,02.04.2024 14:17 ,balitskayaav,,Создание дашборда по основным метрикам КС,balitskayaav
ANL-2308,275809,,Готово,06.02.2024 16:46 ,01.04.2024 12:33 ,flerinvs,5.0,Правки по отчету по чатам для ВТБ,konstantinovada
ANL-2182,266993,,Готово,14.12.2023 20:02 ,01.04.2024 12:33 ,flerinvs,3.0,Отчет по качеству ответов чат бота (сгенерированные ответы),zhuravlevaev
ANL-2428,286581,,Закрыт,29.03.2024 10:34 ,29.03.2024 18:33 ,balitskayaav,,Мэтчинг сделок ЭР с ВТБ ,balitskayaav
ANL-2385,283308,,Hold,14.03.2024 13:09 ,29.03.2024 18:31 ,balitskayaav,5.0,Сделки амбассадоров М2,pichuginaaz
ANL-2401,285024,,Готово,22.03.2024 12:32 ,29.03.2024 13:38 ,mikhaelyanta,5.0,"Подготовить отчет по неипотечным сделкам ЭР в разрезе целевых действий, по которым мы определяем, что это сделка ВТБ и какой в ней менеджер ВТБ",SytnikTI
ANL-2400,284991,,Готово,22.03.2024 11:42 ,29.03.2024 11:30 ,nikishinpa,5.0,Сверка данных отчета и источников продукта в неипотеке,nikishinpa
ANL-2403,285130,,Готово,22.03.2024 16:02 ,29.03.2024 09:50 ,balitskayaav,,Выгрузка данных по контролю реквизитов,kartaevry
ANL-2398,284898,,Готово,21.03.2024 18:50 ,28.03.2024 22:59 ,balitskayaav,5.0,"Подготовить отчет по неипотечным сделкам в разрезе целевых действий, по которым мы определяем, что это сделка ВТБ и какой в ней менеджер ВТБ",beseliarg
ANL-2125,248398,,Закрыт,26.09.2023 09:53 ,28.03.2024 15:16 ,flerinvs,,Выгрузка чатов без сообщений,konorevate
ANL-2206,269583,,Готово,29.12.2023 16:49 ,28.03.2024 10:37 ,flerinvs,5.0,Ипотечные сделки доработка отчета,flerinvs
ANL-2381,282826,,Готово,12.03.2024 18:49 ,28.03.2024 10:23 ,flerinvs,,Добавить новое поле с промокодом в дашборд Сделка онлайн,tatiankoaa
ANL-2395,283990,,Готово,18.03.2024 17:33 ,28.03.2024 09:34 ,flerinvs,5.0,Подготовка данных для demo ,flerinvs
ANL-1935,246486,,Backlog,17.09.2023 20:52 ,27.03.2024 11:59 ,flerinvs,,Сформировать запрос на разбор ,flerinvs
ANL-2171,266900,,Backlog,14.12.2023 15:18 ,27.03.2024 11:59 ,mikhaelyanta,,Перевод отчетов ЭР на единый источник,mikhaelyanta
ANL-1880,240256,,Ревью,21.08.2023 16:20 ,27.03.2024 11:59 ,mikhaelyanta,,"Создание отчета ""АНЧ платящие""",mikhaelyanta
ANL-2257,272892,,Закрыт,24.01.2024 13:37 ,26.03.2024 14:55 ,flerinvs,,Проверить расчет времени ответа менеджера в дэшборде по чатам,zhuravlevaev
ANL-1921,245088,,Сделaть,11.09.2023 13:27 ,25.03.2024 16:14 ,mikhaelyanta,,Выгрузить данные по ролям участников,solovyovaeg
ANL-1909,244118,,Backlog,06.09.2023 12:01 ,25.03.2024 16:13 ,flerinvs,,Фильтр по компании в отчете по ЭР,kluninany
ANL-2314,276705,,Готово,11.02.2024 17:43 ,25.03.2024 16:12 ,flerinvs,,Опрос по bi,flerinvs
ANL-2311,276499,,Закрыт,09.02.2024 11:36 ,25.03.2024 16:10 ,flerinvs,,Проверить занижения СБР,flerinvs
ANL-1936,246517,,Закрыт,18.09.2023 09:48 ,25.03.2024 16:09 ,flerinvs,,автоматизация отчета,flerinvs
ANL-2263,273165,,Готово,25.01.2024 11:58 ,25.03.2024 11:49 ,balitskayaav,5.0,Подсчет сделок для отчета по доле рынка М2,pichuginaaz
ANL-2232,270839,,Закрыт,14.01.2024 23:20 ,25.03.2024 10:25 ,flerinvs,,Сформировать светлую тему CSS+положить в гит,flerinvs
ANL-2304,275589,,Закрыт,06.02.2024 10:37 ,25.03.2024 10:25 ,flerinvs,,Сформировать стартовую страницу в СС,flerinvs
ANL-2219,269881,,Готово,09.01.2024 15:31 ,25.03.2024 10:25 ,flerinvs,,Автоматизация УКЭП для мидла,flerinvs
ANL-2119,263975,,Закрыт,01.12.2023 12:23 ,25.03.2024 10:24 ,flerinvs,2.0,Дэшборд по ипотеке на клике_часть 1,flerinvs
ANL-2197,268075,,Готово,20.12.2023 14:27 ,25.03.2024 10:23 ,flerinvs,,Актуализировать список отчетности,flerinvs
ANL-2369,281493,,Готово,05.03.2024 23:33 ,25.03.2024 09:51 ,flerinvs,1.0,Распределить по ролям пользователей СС,flerinvs
ANL-1920,244867,,Готово,08.09.2023 19:50 ,21.03.2024 10:09 ,flerinvs,5.0,Формирование реестра отчетов(рассылок),flerinvs
ANL-2368,281452,,Готово,05.03.2024 17:37 ,20.03.2024 13:56 ,balitskayaav,1.0,Обновить поле суммы комиссии СБР и добавить его в простынь СБР,beseliarg
ANL-2392,283764,,Готово,18.03.2024 11:03 ,20.03.2024 13:56 ,balitskayaav,2.0,Запрос на выгрузку инфы по срокам раскрытия сбр для пик,balitskayaav
ANL-2386,283401,,Готово,14.03.2024 17:57 ,20.03.2024 10:05 ,mikhaelyanta,2.0,Перевести отчет на DM,mikhaelyanta
ANL-2384,283264,,Готово,14.03.2024 11:40 ,18.03.2024 11:12 ,flerinvs,,Неипотечный отчет по СО ANL-2190 (часть_3),flerinvs
ANL-2336,279522,,Готово,26.02.2024 15:59 ,18.03.2024 11:12 ,flerinvs,3.0,Доработка операционного отчета ВТБ,flerinvs
ANL-2298,275077,,Готово,02.02.2024 14:57 ,18.03.2024 11:01 ,flerinvs,,Добавить исторические данные в дашборд Сделке онлайн в superset,tatiankoaa
ANL-2274,273843,,Hold,29.01.2024 14:58 ,15.03.2024 12:02 ,nikishinpa,3.0,Корректировка отчета о незавершенных электронных накладных,nikishinpa
ANL-2371,281706,,Готово,06.03.2024 15:25 ,15.03.2024 11:57 ,nikishinpa,5.0,Не ипотечные сделки Банка ВТБ,flerinvs
ANL-2275,273875,,Готово,29.01.2024 16:12 ,15.03.2024 11:48 ,balitskayaav,5.0,Перенос дашборда по межрегиональным сделкам,nikitindd
ANL-2389,283455,,Готово,15.03.2024 09:49 ,15.03.2024 09:50 ,balitskayaav,1.0,выгрузка бфа девелопмент,balitskayaav
ANL-2378,282232,,Готово,11.03.2024 09:24 ,14.03.2024 21:47 ,balitskayaav,3.0,Рефакторинг скрипта по межрегион сделкам,balitskayaav
ANL-2352,280596,,Готово,01.03.2024 09:57 ,14.03.2024 21:47 ,balitskayaav,3.0,Дашборд по работе экспертов в сервисе ООН_отказ/одобрено/возврат,ivanovamv
ANL-2375,281767,,Готово,06.03.2024 17:34 ,14.03.2024 19:30 ,mikhaelyanta,2.0,ЭР для DWH,mikhaelyanta
ANL-2366,281281,,Готово,05.03.2024 12:49 ,14.03.2024 17:57 ,mikhaelyanta,3.0,Доработка отчета по УКЭП,mikhaelyanta
ANL-2354,280624,,Готово,01.03.2024 10:27 ,14.03.2024 11:36 ,flerinvs,5.0,Перенос SBR SLT на SS_ANL-2190 (часть_2),flerinvs
ANL-2071,260167,,Готово,14.11.2023 13:02 ,11.03.2024 19:17 ,mikhaelyanta,3.0,Отчет по всем типам УКЭП в разрезе партнеров и сроков действия УК,kovievanv
ANL-2297,275030,,Готово,02.02.2024 13:17 ,11.03.2024 12:50 ,nikishinpa,5.0,3)Корректировки витрины MBO,nikishinpa
ANL-2355,280629,,Готово,01.03.2024 10:40 ,11.03.2024 12:01 ,nikishinpa,2.0,Провести ревизию в файлах,nikishinpa
ANL-2372,281713,,Готово,06.03.2024 15:44 ,07.03.2024 18:49 ,balitskayaav,1.0,Пофиксить условие на именование банка в ИЖС СБР,balitskayaav
ANL-2353,280606,,Готово,01.03.2024 10:07 ,07.03.2024 12:03 ,mikhaelyanta,3.0,Ревью и сбор отчета по ЭР ВТБ СМБ,mikhaelyanta
ANL-2373,281718,,Готово,06.03.2024 15:46 ,07.03.2024 10:49 ,balitskayaav,1.0,Выгрузить УКЭП за февраль,balitskayaav
ANL-2282,274211,,Готово,30.01.2024 16:51 ,06.03.2024 15:25 ,nikishinpa,5.0,Неипотека - формирование нового формата отчета,nikishinpa
ANL-2361,280914,,Готово,04.03.2024 09:16 ,06.03.2024 10:41 ,mikhaelyanta,1.0,Посчитать количество полученных пакетов в СУП холдингом ГК ФСК (ОГРН 5167746261997) за 3 месяца,sheremetevtv
ANL-2324,277935,,Закрыт,15.02.2024 20:24 ,05.03.2024 23:38 ,flerinvs,,выгрузка партнеров за 2023 по продукту Сделке,letutaav
ANL-2360,280746,,Готово,01.03.2024 14:13 ,05.03.2024 23:32 ,flerinvs,2.0,починить отчет райфа,flerinvs
ANL-2063,259819,,Готово,13.11.2023 13:26 ,05.03.2024 12:50 ,mikhaelyanta,5.0,Отчет по УКЭП используемых в ЭР и СУП,kovievanv
ANL-2328,278317,,Готово,19.02.2024 10:40 ,04.03.2024 12:42 ,flerinvs,5.0,Перенос SBR SLT на SS_ANL-2190,flerinvs
ANL-2226,270589,,Готово,12.01.2024 10:16 ,04.03.2024 12:42 ,flerinvs,2.0,Добавить поля в дашборд Сделка в superset,tatiankoaa
ANL-2334,279368,,Закрыт,26.02.2024 10:25 ,04.03.2024 12:16 ,balitskayaav,3.0,Простыня СБР: корректировка и добавление полей часть 2,balitskayaav
ANL-2340,280372,,Готово,29.02.2024 14:43 ,04.03.2024 11:57 ,nikishinpa,2.0,Предоставить выгрузки по всем полям из витрин для отчетов по доле,nikishinpa
ANL-2283,274214,,Готово,30.01.2024 16:58 ,04.03.2024 10:29 ,nikishinpa,3.0,Заполнение файла приоретизации задач от продаж,nikishinpa
ANL-2357,280635,,Готово,01.03.2024 10:50 ,04.03.2024 10:28 ,nikishinpa,1.0,Выгрузка для ВТБ ГРМ,kluninany
ANL-2306,275609,,Backlog,06.02.2024 11:13 ,01.03.2024 11:12 ,nikishinpa,,ИБ пустые значения по регионам,nikishinpa
ANL-2322,277806,,Hold,15.02.2024 14:37 ,01.03.2024 11:12 ,nikishinpa,3.0,"Создание и автоматизация отчета : СБР- ""Этажи-Бизнес""",nikishinpa
ANL-2350,280458,,Backlog,29.02.2024 16:23 ,01.03.2024 11:11 ,nikishinpa,,Деление по компаниям в крупных регионах (Москва уже есть),nikishinpa
ANL-2349,280456,,Backlog,29.02.2024 16:18 ,01.03.2024 11:11 ,nikishinpa,,Ревизия отчетности в Когнос (убрать старые и дублирующие отчеты),nikishinpa
ANL-2348,280455,,Backlog,29.02.2024 16:17 ,01.03.2024 11:11 ,nikishinpa,,Описание для чего и какой отчет нужен и где находится. Инструкция пользователя.,nikishinpa
ANL-2347,280453,,Backlog,29.02.2024 16:16 ,01.03.2024 11:11 ,nikishinpa,,Описание для чего и какой отчет нужен и где находится. Инструкция пользователя.,nikishinpa
ANL-2344,280442,,Backlog,29.02.2024 16:01 ,01.03.2024 11:11 ,nikishinpa,,"Добавить отчет М2ПРо в Когнос (Фиксации,уникальные,сделки, кол-во подключенных компаний и регионы…)",nikishinpa
ANL-2343,280440,,Backlog,29.02.2024 15:56 ,01.03.2024 11:11 ,nikishinpa,,Доработать общий отчет АНЧ по сотрудникам  (для оценки сотрудников) Рейтинги сотрудников по показателям,nikishinpa
ANL-2157,266083,,Hold,12.12.2023 10:25 ,01.03.2024 11:11 ,nikishinpa,2.0,Настройка выгрузки NPS,nikishinpa
ANL-2122,263877,,Сделaть,30.11.2023 22:00 ,01.03.2024 11:11 ,flerinvs,,Еженеденьный отчет по новым регистрациям ЧР,tanyginadv
ANL-2123,264001,,Hold,01.12.2023 12:58 ,01.03.2024 11:11 ,flerinvs,3.0,Дэшборд для продаж по сделкам_часть 1,flerinvs
ANL-2252,272239,,Готово,22.01.2024 10:51 ,27.02.2024 18:24 ,flerinvs,2.0,Исправить данные в поле Дата оплаты сделки,tatiankoaa
ANL-2335,279425,,Готово,26.02.2024 12:39 ,27.02.2024 15:55 ,balitskayaav,2.0,Выгрузка по среднему сроку раскрытия СБР,novozhilovyp
ANL-2338,279526,,Готово,26.02.2024 16:07 ,27.02.2024 11:46 ,flerinvs,2.0,Квартальный ПОДФТ,flerinvs
ANL-2337,279525,,Готово,26.02.2024 16:06 ,27.02.2024 11:45 ,flerinvs,1.0,Добавление пользователя,flerinvs
ANL-2202,268986,,Готово,26.12.2023 18:03 ,27.02.2024 11:03 ,mikhaelyanta,,Исправить ошибку в работе отчета datalens,kovievanv
ANL-2221,269944,,Готово,09.01.2024 19:02 ,27.02.2024 11:03 ,mikhaelyanta,5.0,Отчет в superset по СУП,mikhaelyanta
ANL-2327,278286,,Готово,19.02.2024 10:03 ,27.02.2024 10:39 ,mikhaelyanta,2.0,Проверка СБР в КС,mikhaelyanta
ANL-2326,278278,,Готово,19.02.2024 09:45 ,26.02.2024 12:35 ,balitskayaav,5.0,Простыня СБР: корректировка и добавление полей часть 1,balitskayaav
ANL-2325,278255,,Готово,19.02.2024 09:33 ,26.02.2024 12:35 ,balitskayaav,2.0,Доработки по простыне ООН + поставить на расписание,balitskayaav
ANL-2321,277801,,Готово,15.02.2024 14:23 ,26.02.2024 12:35 ,balitskayaav,1.0,"СБР для бухгалтерии(проверить наличие атрибутов, выгрузить)",flerinvs
ANL-2307,275795,,Готово,06.02.2024 16:11 ,26.02.2024 11:56 ,flerinvs,2.0,проработать процесс сертификации отчетности,flerinvs
ANL-2272,273791,,Закрыт,29.01.2024 12:51 ,22.02.2024 13:59 ,balitskayaav,5.0,Аналитическая работа по СБР ,balitskayaav
ANL-2329,278329,,Готово,19.02.2024 11:28 ,21.02.2024 09:17 ,nikishinpa,1.0,Детализация СБР ЭР,nikishinpa
ANL-2309,275981,,Готово,07.02.2024 10:50 ,21.02.2024 09:17 ,nikishinpa,5.0,Защита сделки - исчезнутые коды ТП,nikishinpa
ANL-2287,274471,,Готово,31.01.2024 14:52 ,21.02.2024 09:16 ,nikishinpa,2.0,Выгрузка выпущенных УКЭП СМБ ВТБ за 2023 и 2024 год,kovievanv
ANL-2280,274149,,Закрыт,30.01.2024 14:21 ,19.02.2024 09:34 ,balitskayaav,5.0,"Сделать ""Простыню"" с данными по сервису ООН",ivanovamv
ANL-2315,276718,,Готово,12.02.2024 09:47 ,16.02.2024 17:17 ,mikhaelyanta,3.0,Нераспределенные неипотечные сделки,mikhaelyanta
ANL-2303,275560,,Готово,06.02.2024 09:33 ,16.02.2024 16:05 ,mikhaelyanta,2.0,Поправить тарифы по ЭР,mikhaelyanta
ANL-2317,277383,,Готово,14.02.2024 09:38 ,15.02.2024 15:21 ,mikhaelyanta,5.0,Выгрузка по неипотечным сделкам,mikhaelyanta
ANL-1914,237997,,Сделaть,11.08.2023 09:42 ,15.02.2024 14:15 ,flerinvs,,Отчет по заведенным сделкам ИЖС,shorinav
ANL-1896,242340,,В работе,29.08.2023 18:50 ,15.02.2024 14:15 ,mikhaelyanta,,"Дубли в ""MART_ALL_DEALS"".""ALL_SALES""",klekovkinve
ANL-1859,232108,,В работе,12.07.2023 12:35 ,15.02.2024 14:15 ,mikhaelyanta,,"Проверить маппинг бранчей в ""MART_AUTH"".""VTB_EMPLOYEE_STRUCTURE_HISTORY""",klekovkinve
ANL-2312,276615,,Готово,09.02.2024 16:00 ,14.02.2024 19:21 ,flerinvs,3.0,Вопрос от продаж(исследование),flerinvs
ANL-2200,268692,,Готово,25.12.2023 15:51 ,12.02.2024 12:38 ,mikhaelyanta,,Добавление в отчеты SLT ЭР ответственных по застройщикам,mikhaelyanta
ANL-2172,266920,,Готово,14.12.2023 15:41 ,12.02.2024 12:38 ,mikhaelyanta,5.0,Добавление в отчеты SLT СБР ответственных по застройщикам,mikhaelyanta
ANL-2085,261081,,Готово,17.11.2023 13:47 ,12.02.2024 12:38 ,mikhaelyanta,3.0,Логика определения сегмента по ЭР в отчетах,mikhaelyanta
ANL-2064,259927,,Готово,13.11.2023 16:26 ,12.02.2024 12:38 ,mikhaelyanta,1.0,Скорректировать логику определения role_type_name в AUTH,klekovkinve
ANL-2194,267429,,Закрыт,18.12.2023 12:51 ,12.02.2024 12:38 ,balitskayaav,1.0,Скорректировать логику обновления словарей для свода сбр и элрег,balitskayaav
ANL-2089,261237,,Готово,17.11.2023 19:19 ,12.02.2024 12:38 ,nikishinpa,3.0,Создать словарь по ручным защитам,mikhaelyanta
ANL-2136,265083,,Готово,06.12.2023 17:39 ,12.02.2024 12:38 ,flerinvs,,Составить отчеты по метрикам Сделки,tatiankoaa
ANL-2305,275605,,Готово,06.02.2024 11:10 ,12.02.2024 12:28 ,nikishinpa,,Неипотека: выгрузка,nikishinpa
ANL-2249,272006,,Готово,19.01.2024 11:41 ,12.02.2024 12:12 ,balitskayaav,3.0,Документация,balitskayaav
ANL-2302,275453,,Готово,05.02.2024 16:33 ,12.02.2024 12:12 ,balitskayaav,2.0,Детализация по рейтингу АН - ИНКОМ НЕДВИЖИМОСТЬ,zhuravlevaev
ANL-2301,275324,,Готово,05.02.2024 12:46 ,09.02.2024 14:04 ,balitskayaav,1.0,Выгрузить УКЭП за январь,balitskayaav
ANL-2295,274860,,Готово,01.02.2024 18:45 ,09.02.2024 12:48 ,flerinvs,2.0,Добавить поля в отчет Сделка онлайн,tatiankoaa
ANL-2289,274634,,Готово,01.02.2024 10:33 ,09.02.2024 10:02 ,flerinvs,1.0,Сформировать документацию по понятиям сделки ,flerinvs
ANL-2253,272315,,Готово,22.01.2024 13:43 ,07.02.2024 19:42 ,nikishinpa,2.0,Выгрузка по УКЭП за 2023 годя для Донстроя,kovievanv
ANL-2269,273485,,Готово,26.01.2024 12:15 ,07.02.2024 17:21 ,mikhaelyanta,2.0,Выгрузить отчет по проведенным сделкам за декабрь 2023 г и январь 2024 г. по всем сделкам SetlGroup,chizhikovaea
ANL-2291,274640,,Готово,01.02.2024 10:49 ,07.02.2024 17:20 ,flerinvs,2.0,(Закрытие ОП) + автоматизация регулярного отчета для мидла ,flerinvs
ANL-2288,274477,,Готово,31.01.2024 15:07 ,07.02.2024 09:24 ,mikhaelyanta,2.0,Добавить фильтр в отчете Элрег SLT,mikhaelyanta
ANL-2300,275225,,Готово,05.02.2024 09:31 ,05.02.2024 16:04 ,mikhaelyanta,1.0,Установка года по умолчанию 2024 (отчет по электронной регистрации),kluninany
ANL-2236,271134,,Готово,15.01.2024 18:15 ,05.02.2024 12:33 ,nikishinpa,2.0,выгрузить отчет по выпуску УКЭП для ИНН 9718003519 Монолитное домостроение,sheremetevtv
ANL-2277,273940,,Готово,29.01.2024 18:31 ,05.02.2024 12:23 ,nikishinpa,5.0,Расхождение данных ВТБ по неипотечным сделкам за 4 кв,nikishinpa
ANL-2246,271925,,Готово,18.01.2024 17:38 ,05.02.2024 12:16 ,nikishinpa,3.0,2) Формирование сводной витрины MBO,nikishinpa
ANL-2268,273279,,Готово,25.01.2024 16:30 ,05.02.2024 11:53 ,flerinvs,3.0,"Сверить ""простыню СБР"" и отчет ""Сделка онлайн""",dmitrievaoa
ANL-2261,273107,,Готово,25.01.2024 10:30 ,05.02.2024 11:53 ,flerinvs,5.0,Сформировать отчет по сделке в разрезе офисов и статусов,tatiankoaa
ANL-2242,271841,,Готово,18.01.2024 14:11 ,02.02.2024 18:08 ,nikishinpa,3.0,Доля клиентов ИП в заявках ИБ за Q4 2023,kluninany
ANL-2293,274762,,Готово,01.02.2024 15:01 ,02.02.2024 18:07 ,nikishinpa,2.0,Выгрузка для ВТБ ГРМ,kluninany
ANL-2204,269372,,Готово,28.12.2023 12:45 ,02.02.2024 17:03 ,mikhaelyanta,1.0,Выгрузка партнеров подключенных к СУП,kovievanv
ANL-2276,273879,,Готово,29.01.2024 16:30 ,02.02.2024 11:41 ,mikhaelyanta,2.0,Работа с ЭР,mikhaelyanta
ANL-2273,273841,,Готово,29.01.2024 14:49 ,29.01.2024 15:14 ,flerinvs,1.0, Доступы в SS,flerinvs
ANL-2250,272130,,Готово,19.01.2024 17:01 ,29.01.2024 12:52 ,mikhaelyanta,,Текущий список отчетов Eregistration,norea
ANL-2247,271998,,Готово,19.01.2024 11:34 ,29.01.2024 12:21 ,balitskayaav,5.0,Автоматизация отчета УКЭП,balitskayaav
ANL-2248,272000,,Закрыт,19.01.2024 11:36 ,29.01.2024 12:21 ,balitskayaav,5.0,Автоматизация отчета рейтинга АН,balitskayaav
ANL-2093,261361,,Готово,20.11.2023 12:30 ,29.01.2024 12:11 ,balitskayaav,5.0,Отчетность для сверки УКЭП,SytnikTI
ANL-2208,269660,,Готово,08.01.2024 22:39 ,29.01.2024 11:46 ,nikishinpa,2.0,Документация ЭР МКБ,nikishinpa
ANL-2245,271924,,Готово,18.01.2024 17:35 ,29.01.2024 10:15 ,nikishinpa,3.0,1)Собрать все источники данных воедино в Excel,nikishinpa
ANL-2237,271724,,Готово,18.01.2024 10:34 ,29.01.2024 09:59 ,mikhaelyanta,2.0,Ответственные за застрйощиков,mikhaelyanta
ANL-1862,234694,,Готово,25.07.2023 18:02 ,26.01.2024 16:32 ,mikhaelyanta,,Переделать отчет по Неипотечным сделкам,mikhaelyanta
ANL-2240,271784,,Готово,18.01.2024 12:24 ,25.01.2024 21:52 ,flerinvs,,Актуализировать задачи в пространстве ANL,flerinvs
ANL-1923,245184,,Backlog,11.09.2023 17:19 ,25.01.2024 17:55 ,mikhaelyanta,,"Добавить в регулярную раскатку ""MART_ALL_DEALS"".""ALL_SALES""",mikhaelyanta
ANL-2091,261327,,Hold,20.11.2023 11:18 ,25.01.2024 17:53 ,mikhaelyanta,2.0,Корректировка в реестр отчетов по ЭР,mikhaelyanta
ANL-2135,264972,,Backlog,06.12.2023 14:57 ,25.01.2024 17:39 ,flerinvs,,Дашборд по СМС ,petrovov
ANL-1983,251554,,В работе,06.10.2023 18:03 ,25.01.2024 17:38 ,flerinvs,,ПОДФТ_проверка на условие с удалением,flerinvs
ANL-1972,250803,,Закрыт,04.10.2023 14:49 ,25.01.2024 17:38 ,mikhaelyanta,,Описание отчетов,mikhaelyanta
ANL-1912,244255,,Закрыт,06.09.2023 17:13 ,25.01.2024 17:37 ,mikhaelyanta,,справочник M2PRO DEVELOPER,mikhaelyanta
ANL-1875,239305,,Закрыт,16.08.2023 16:23 ,25.01.2024 17:35 ,mikhaelyanta,,Не обновляется отчет Отчет_по_лидам_на_СБР_от_фронт_линии,mikhaelyanta
ANL-1890,241481,,Backlog,25.08.2023 14:20 ,25.01.2024 17:27 ,flerinvs,,Ошибка в КДКП,flerinvs
ANL-2117,260832,,Hold,16.11.2023 15:32 ,25.01.2024 17:23 ,mikhaelyanta,1.0,Перевод отчетов на питоновский скрипт,mikhaelyanta
ANL-2218,269804,,Backlog,09.01.2024 12:58 ,25.01.2024 15:05 ,flerinvs,,автоматизация файла для бухгалтерии,flerinvs
ANL-1789,196150,,Backlog,31.01.2023 12:32 ,25.01.2024 15:04 ,flerinvs,,Скорректировать настройку (логику) выгрузки сделок ЭР для передачи в 1С,ivlevanv
ANL-1758,189797,,Backlog,22.12.2022 13:38 ,25.01.2024 15:03 ,flerinvs,,Разбор данных для формирования хмл в Росфинмониторинг (новые сделки СБР),ivlevanv
ANL-1822,205342,,Backlog,14.03.2023 17:50 ,25.01.2024 14:57 ,flerinvs,,Создание отчета по проверкам ПОД/ФТ-выявление операций клиентов,ivlevanv
ANL-1971,250790,,Закрыт,04.10.2023 14:26 ,25.01.2024 13:44 ,flerinvs,,Критические ошибки отчетах ВТБ,flerinvs
ANL-1957,249824,,Готово,02.10.2023 09:08 ,25.01.2024 13:40 ,flerinvs,,починить отчеты,flerinvs
ANL-2254,272427,,Готово,22.01.2024 19:23 ,25.01.2024 12:00 ,flerinvs,,Сверить данные двух от отчетов,tatiankoaa
ANL-2251,272211,,Готово,22.01.2024 09:33 ,23.01.2024 15:11 ,flerinvs,3.0,Выгрузить количество сообщений в чатах в одной завершенной сделке ,goryaynovaen
ANL-2129,264543,,Закрыт,05.12.2023 10:58 ,22.01.2024 14:03 ,mikhaelyanta,3.0,Анализ использования продуктов М2 застрощиками,shevelevvn
ANL-2116,263665,,Готово,30.11.2023 11:47 ,22.01.2024 13:04 ,balitskayaav,5.0,Скорректировать логику расчета рейтинга АН в связи с появлением ипотечных сделок в Сделке,zhuravlevaev
ANL-2137,265271,,Готово,07.12.2023 13:04 ,22.01.2024 13:03 ,balitskayaav,5.0,Рефакторинг скриптов ,balitskayaav
ANL-2213,269665,,Готово,08.01.2024 22:49 ,22.01.2024 12:58 ,nikishinpa,2.0,Документация по неипотечным сделкам ВТБ,nikishinpa
ANL-2066,259979,,Готово,13.11.2023 17:42 ,19.01.2024 17:22 ,mikhaelyanta,3.0,"Корректировка ""MART2_ALTERNATIVE"".""REGULAR_REPORT_DEAL_PART_CODE""",mikhaelyanta
ANL-2198,268090,,Готово,20.12.2023 15:20 ,19.01.2024 15:25 ,mikhaelyanta,3.0,"Добавить в фильтр ВТБ для отчета по ДКП и SBR_ALT сделки ""ЭР + ДКП М2""",ScherbakovaKA
ANL-2228,270602,,Готово,12.01.2024 10:40 ,19.01.2024 15:25 ,mikhaelyanta,3.0,аналитика за 2023 г продажи,mikhaelyanta
ANL-2241,271812,,Закрыт,18.01.2024 13:13 ,19.01.2024 15:04 ,flerinvs,,Доход Сделки онлайн в разбивке на первичных/повторных пользователей,islamovayui
ANL-2231,270833,,Готово,13.01.2024 16:21 ,19.01.2024 12:31 ,mikhaelyanta,1.0,Добавить в отчет ДКП ВТБ ручные сделки,altunyanar
ANL-2243,271920,270609,Закрыт,18.01.2024 17:23 ,19.01.2024 11:04 ,nikishinpa,,1)Собрать все источники данных воедино в Excel,nikishinpa
ANL-2244,271921,270609,Закрыт,18.01.2024 17:25 ,19.01.2024 11:04 ,nikishinpa,,2) Предоставить данные продажам и провести корректировки отчета,nikishinpa
ANL-2235,271108,,Готово,15.01.2024 17:11 ,18.01.2024 16:20 ,flerinvs,2.0,Поправить кэшбэк в сделке онлайн,flerinvs
ANL-2234,270941,,Готово,15.01.2024 12:28 ,16.01.2024 09:45 ,flerinvs,,"УЗ по АН, застройщикам и банкам",flerinvs
ANL-2214,269666,,Готово,08.01.2024 22:51 ,15.01.2024 12:32 ,nikishinpa,1.0,Документация по Проверке сделки,nikishinpa
ANL-2224,270206,,Готово,10.01.2024 16:23 ,15.01.2024 12:29 ,flerinvs,3.0,Выгрузить все сделки Этажей за 2023 год с разбивкой по регионам,tatiankoaa
ANL-2223,270170,,Готово,10.01.2024 15:15 ,12.01.2024 18:42 ,nikishinpa,,Итоговые данные по Ипотечному брокеру за 2023,kluninany
ANL-2207,269659,,Закрыт,08.01.2024 22:31 ,12.01.2024 11:07 ,nikishinpa,3.0,Закрытие месяца по отчетам,nikishinpa
ANL-2205,269582,,Готово,29.12.2023 16:42 ,11.01.2024 11:34 ,mikhaelyanta,2.0,Выгрузка итоговых отчетов,mikhaelyanta
ANL-2201,268828,,Закрыт,26.12.2023 12:05 ,10.01.2024 23:08 ,flerinvs,,Сформировать отчет по логам,flerinvs
ANL-2217,269695,,Готово,09.01.2024 09:45 ,10.01.2024 14:20 ,flerinvs,2.0,Проработка_ANL-2179_Отчет по качеству ответов чат бота (шаблоны),flerinvs
ANL-2216,269690,,Готово,09.01.2024 09:35 ,10.01.2024 10:33 ,flerinvs,2.0,Отчетность за 23г.,flerinvs
ANL-2215,269667,,Готово,08.01.2024 22:59 ,09.01.2024 17:56 ,nikishinpa,5.0,Корректировка скрипта по Защите сделки,nikishinpa
ANL-1895,242149,,Готово,29.08.2023 13:05 ,29.12.2023 08:31 ,mikhaelyanta,,Автоматизировать Акты по Защите и Проверке,mikhaelyanta
ANL-2088,261090,,Готово,17.11.2023 14:11 ,27.12.2023 14:02 ,balitskayaav,2.0,Описать методологию расчета СБР SLT отчета в Когносе,flerinvs
ANL-2160,266251,,Готово,12.12.2023 15:16 ,21.12.2023 17:02 ,mikhaelyanta,3.0,Доработки по отчету Электронная закладная ВТБ,mikhaelyanta
ANL-1996,252352,,Готово,11.10.2023 11:40 ,21.12.2023 13:33 ,flerinvs,,Добавить в Дэшборд по чатам инфо по чатам в ипотечных сделках и М2Pro Новостройках,zhuravlevaev
ANL-2128,264493,,Готово,05.12.2023 09:35 ,21.12.2023 13:33 ,flerinvs,2.0,Автоматизация отчетности мидла,flerinvs
ANL-2192,267288,,Готово,16.12.2023 19:17 ,20.12.2023 12:21 ,flerinvs,,Доп задача для_ANL-1922 Отчетность в рамках пилота по Чатам с ВТБ,flerinvs
ANL-2166,266514,,Готово,13.12.2023 14:50 ,20.12.2023 12:10 ,mikhaelyanta,1.0,Отчет по завершенным сделкам за ноябрь по компании - 5087746476252,chizhikovaea
ANL-2195,267690,,Готово,19.12.2023 11:53 ,20.12.2023 10:08 ,flerinvs,2.0,Доработка по ANL-1988_добавить представителей,flerinvs
ANL-2152,265642,,Готово,08.12.2023 15:47 ,19.12.2023 13:29 ,nikishinpa,5.0,Принять отчеты,flerinvs
ANL-2191,267287,,Готово,16.12.2023 19:13 ,18.12.2023 19:37 ,flerinvs,2.0,Доработка по ANL-1988_Отчет по продажам Сделки онлайн,flerinvs
ANL-2184,267005,,Закрыт,14.12.2023 23:30 ,16.12.2023 19:14 ,flerinvs,2.0,Доработка по ANL-1988,flerinvs
ANL-2168,266775,,Готово,14.12.2023 10:46 ,16.12.2023 18:32 ,flerinvs,1.0,Провести анализ задач и составить список для Q1,flerinvs
ANL-2146,265424,,Готово,07.12.2023 23:21 ,16.12.2023 18:31 ,flerinvs,3.0,Доп задача для_ANL-1922 Отчетность в рамках пилота по Чатам с ВТБ,flerinvs
ANL-2153,265835,,Готово,11.12.2023 11:14 ,15.12.2023 16:48 ,mikhaelyanta,,Добавить в отчет по ДКП М2 ВТБ сотрудника ЦОЗ и свод по ЦОЗ ВТБ,ScherbakovaKA
ANL-1944,247277,,Готово,20.09.2023 11:28 ,15.12.2023 14:13 ,mikhaelyanta,3.0,В отчет  ЭР 2.0 отчет по приостановленным заявлениям для ВТБ необходимо внести исправления.,ignatovaaa
ANL-2131,264283,,Готово,04.12.2023 13:00 ,15.12.2023 11:10 ,balitskayaav,2.0,Отображение сотрудника в когнос,kuchmada
ANL-2151,265602,,Готово,08.12.2023 14:16 ,14.12.2023 20:41 ,flerinvs,3.0,Доработка по ANL-1988_Отчет по продажам Сделки онлайн,flerinvs
ANL-2081,260824,,Готово,16.11.2023 15:12 ,14.12.2023 15:43 ,mikhaelyanta,1.0,Создание словаря по застройщикам для M2PRO,mikhaelyanta
ANL-2173,266922,,Закрыт,14.12.2023 15:42 ,14.12.2023 15:42 ,balitskayaav,,Отчет по самолет плюс,balitskayaav
ANL-2162,266343,,Готово,12.12.2023 18:53 ,13.12.2023 17:54 ,flerinvs,,Предоставить статистику по СО,flerinvs
ANL-2155,265939,,Готово,11.12.2023 14:39 ,13.12.2023 17:22 ,nikishinpa,,Выгрузка по сделкам застройщиков,SytnikTI
ANL-1950,249498,,Готово,29.09.2023 09:47 ,12.12.2023 15:24 ,mikhaelyanta,3.0,В отчет ЭР 2.0 отчет по электронным закладным ВТБ необходимо внести исправления.,ignatovaaa
ANL-2113,263284,,Готово,28.11.2023 17:15 ,11.12.2023 13:00 ,flerinvs,,Выгрузка сделок с занижением по регионам с детализацией ,tanyginadv
ANL-2127,264410,,Готово,04.12.2023 18:02 ,11.12.2023 12:40 ,nikishinpa,,визуал NPS,goryaynovaen
ANL-2030,255671,,Готово,25.10.2023 11:45 ,11.12.2023 12:33 ,balitskayaav,5.0,Отчет по ИЖС СБР Почта банк,kluninany
ANL-2121,263984,,Закрыт,01.12.2023 12:37 ,08.12.2023 17:29 ,flerinvs,5.0,Отчет по продажам Сделки онлайн_декомпозиция_1922,flerinvs
ANL-2144,265399,,Готово,07.12.2023 18:04 ,08.12.2023 17:29 ,flerinvs,3.0,Квартальный ПОДФТ,flerinvs
ANL-2114,263422,,Закрыт,29.11.2023 12:32 ,08.12.2023 15:42 ,balitskayaav,1.0,Выгрузка по УКЭП Госключ,kovievanv
ANL-2133,264932,,Закрыт,06.12.2023 13:20 ,08.12.2023 15:41 ,balitskayaav,1.0,Выгрузка УКЭП за ноябрь,balitskayaav
ANL-2132,264847,,Закрыт,06.12.2023 10:42 ,08.12.2023 15:41 ,balitskayaav,1.0,Выгрузить отчет по СУП (форма во вложении) ,ignatovaaa
ANL-2130,264240,,Готово,04.12.2023 11:20 ,08.12.2023 11:16 ,mikhaelyanta,1.0,Добавить в отчет ДКП ВТБ ручные сделки,ScherbakovaKA
ANL-2115,263663,,Готово,30.11.2023 11:25 ,08.12.2023 11:15 ,mikhaelyanta,3.0,Исправить логику привязки продаж через КС в отчете по доле,mikhaelyanta
ANL-2104,262455,,Готово,24.11.2023 10:31 ,07.12.2023 19:12 ,flerinvs,5.0,Декомпозиция 1988. Отчет для ВТБ по ипотеке,flerinvs
ANL-2103,262452,,Готово,24.11.2023 10:29 ,07.12.2023 19:11 ,flerinvs,3.0,Декомпозиция в рамках ANL-1922,flerinvs
ANL-2107,262563,,Закрыт,24.11.2023 13:32 ,07.12.2023 15:47 ,balitskayaav,5.0,Декомпозиция 2093. Отчетность для сверки УКЭП,flerinvs
ANL-2111,262845,,Закрыт,27.11.2023 12:47 ,07.12.2023 15:37 ,mikhaelyanta,1.0,Выгрузка отчета по ремонтам,mikhaelyanta
ANL-2118,263943,,Готово,01.12.2023 11:29 ,07.12.2023 15:33 ,mikhaelyanta,1.0,Выгрузка для ВТБ ГРМ,kluninany
ANL-2099,262264,,Готово,23.11.2023 12:59 ,04.12.2023 12:15 ,mikhaelyanta,8.0,Перевод отчетов на ODS по ДКП,mikhaelyanta
ANL-2101,262285,,Готово,23.11.2023 13:53 ,01.12.2023 12:49 ,flerinvs,1.0,Перевести витрины на ODS_R_CHAT,norea
ANL-2120,263444,,Закрыт,29.11.2023 12:58 ,01.12.2023 12:31 ,mikhaelyanta,,РЕМОНТЫ_Выгрузка базы СБР/ЭР,vorobevayi
ANL-2000,252856,,Закрыт,12.10.2023 14:21 ,01.12.2023 12:12 ,flerinvs,,Сделка онлайн сводка,flerinvs
ANL-2090,261264,,Закрыт,19.11.2023 19:21 ,27.11.2023 16:58 ,balitskayaav,2.0,Предоставление отчета по контролю реквизитов (СБР),kartaevry
ANL-2082,261006,,Готово,17.11.2023 11:35 ,27.11.2023 12:34 ,balitskayaav,,Автоматизация ежедневного отчета для SLT ,balitskayaav
ANL-2096,262148,,Закрыт,22.11.2023 19:32 ,27.11.2023 12:33 ,balitskayaav,,Задача на миллион (сделок),nikitindd
ANL-2057,259431,,Закрыт,10.11.2023 11:22 ,27.11.2023 12:13 ,mikhaelyanta,,Тестирование нового разбора по КС,mikhaelyanta
ANL-1973,250804,,Готово,04.10.2023 14:51 ,27.11.2023 11:25 ,balitskayaav,,Неверная привязка ответственных по M2PRO,mikhaelyanta
ANL-2086,261084,,Готово,17.11.2023 13:51 ,24.11.2023 10:23 ,flerinvs,,Декомпозиция_ANL-1988 (Отчет по продажам Сделки онлайн),flerinvs
ANL-2084,261080,,Закрыт,17.11.2023 13:47 ,23.11.2023 16:04 ,flerinvs,,Декомпозиция ANL-1922(Отчетность в рамках пилота по Чатам с ВТБ),flerinvs
ANL-2055,258973,,Готово,08.11.2023 20:55 ,23.11.2023 15:42 ,mikhaelyanta,,Проверка источников по создателю в КС,mikhaelyanta
ANL-2092,261360,,Готово,20.11.2023 12:27 ,22.11.2023 12:21 ,mikhaelyanta,,Выгрузка обновлённого отчета по ремонтам,mikhaelyanta
ANL-2032,256110,245181,Готово,26.10.2023 14:58 ,21.11.2023 20:16 ,flerinvs,,Операционная отчетность для ВТБ,zhuravlevaev
ANL-2083,261078,,Готово,17.11.2023 13:42 ,21.11.2023 19:21 ,flerinvs,,Декомпозиция_ANL-2032 (Операционная отчетность для ВТБ),flerinvs
ANL-2079,260645,,Готово,15.11.2023 22:55 ,21.11.2023 19:19 ,flerinvs,,Сверка УКЭП ,flerinvs
ANL-2060,259646,,Готово,10.11.2023 18:40 ,20.11.2023 16:49 ,flerinvs,,Дэшборд_ВТБ чаты,flerinvs
ANL-2049,258535,,Готово,07.11.2023 16:21 ,20.11.2023 16:40 ,balitskayaav,,Автоматизация отчета,flerinvs
ANL-2078,260636,,Готово,15.11.2023 20:00 ,20.11.2023 13:11 ,balitskayaav,,ТЗ на разработку алёртов и мониторинга,flerinvs
ANL-2077,260475,,Готово,15.11.2023 12:25 ,20.11.2023 10:02 ,mikhaelyanta,,Отчет по Почта банк ЭР,mikhaelyanta
ANL-2050,258552,,Готово,07.11.2023 16:40 ,17.11.2023 16:16 ,balitskayaav,,Данные по сделкам с СБР и ЭР АН Самолет Плюс,pichuginaaz
ANL-2075,260305,,Готово,14.11.2023 17:12 ,17.11.2023 16:12 ,mikhaelyanta,,Выгрузка из ЛК банка Открытие (розница) ЭР,kluninany
ANL-2038,257242,,Готово,01.11.2023 08:39 ,17.11.2023 13:50 ,mikhaelyanta,,потерянные ЭР_Ростов-на-Дону,mikhaelyanta
ANL-2072,260190,,Готово,14.11.2023 13:42 ,16.11.2023 13:25 ,mikhaelyanta,,Исправить выгрузку УКЭП по банку МКБ,mikhaelyanta
ANL-2076,260348,,Готово,14.11.2023 18:20 ,15.11.2023 21:58 ,flerinvs,,"Создание отчета для ПОД/ФТ на основе ранее сделанного ""Отчет по аккаунтингу""",ivlevanv
ANL-2058,259590,,Готово,10.11.2023 16:37 ,15.11.2023 21:58 ,flerinvs,,Отчет Массовое создание,yunusovaya
ANL-2073,260193,,Готово,14.11.2023 13:45 ,15.11.2023 10:07 ,mikhaelyanta,,Обновить отчет по Защите,mikhaelyanta
ANL-2061,259717,,Готово,13.11.2023 10:04 ,14.11.2023 16:38 ,flerinvs,1.0,Примсоцбанк - расторжение,flerinvs
ANL-2065,259976,,Закрыт,13.11.2023 17:36 ,13.11.2023 17:37 ,mikhaelyanta,,Выгрузка СБР,mikhaelyanta
ANL-2062,259728,,Готово,13.11.2023 10:25 ,13.11.2023 14:25 ,flerinvs,,Отчет для бухгалтерии,flerinvs
ANL-2046,258153,,Закрыт,03.11.2023 16:04 ,10.11.2023 13:59 ,mikhaelyanta,,Передача дел новому сотруднику,mikhaelyanta
ANL-1911,244216,236715,Готово,06.09.2023 15:29 ,10.11.2023 11:26 ,mikhaelyanta,,Ошибка по доле ЭР ГЖ,mikhaelyanta
ANL-2047,258184,,Готово,03.11.2023 17:29 ,10.11.2023 11:19 ,mikhaelyanta,,Правки в Дашборде Эл.рег 2.0,tatarovaaa
ANL-1991,252233,,Готово,10.10.2023 18:57 ,10.11.2023 11:17 ,mikhaelyanta,,Отчет простыня Ремонты АНЧ,ScherbakovaKA
ANL-2053,258607,,Готово,07.11.2023 17:58 ,10.11.2023 11:17 ,mikhaelyanta,,Ежемесячная выгрузка по проведенным сделкам в рамках ЭР по всем рыночным банкам,kluninany
ANL-2054,258949,,Готово,08.11.2023 18:19 ,10.11.2023 09:44 ,flerinvs,,УКЭП,flerinvs
ANL-1853,219349,,Готово,16.05.2023 12:22 ,08.11.2023 17:19 ,mikhaelyanta,,Исправить ошибку в MartAuth_VtbEmployeeStructureHistory,klekovkinve
ANL-1929,245840,,Готово,13.09.2023 16:10 ,08.11.2023 17:19 ,mikhaelyanta,,Выгрузка для ВТБ ГРМ,kluninany
ANL-1960,249981,,Готово,02.10.2023 13:22 ,08.11.2023 17:19 ,mikhaelyanta,,"ВТБ, выгрузка по партнерам ГРМ",kluninany
ANL-1985,251659,,Готово,09.10.2023 10:57 ,08.11.2023 17:19 ,mikhaelyanta,,Пустой отчет по СМБ Откртыие,mikhaelyanta
ANL-2019,254490,,Готово,19.10.2023 15:03 ,08.11.2023 17:19 ,flerinvs,,отправка отчетов по ЭР (сопровождение) на БВ,stalskayads
ANL-2037,257137,,Готово,31.10.2023 15:25 ,08.11.2023 17:19 ,mikhaelyanta,,Отчет по неипотечным сделкам за 9 месяцев (по МиМО),altunyanar
ANL-2042,257771,,Готово,02.11.2023 13:00 ,08.11.2023 17:19 ,mikhaelyanta,,Разовая выгрузка отчета из сервиса ЭР (регистрация права собственности),ScherbakovaKA
ANL-2048,258349,,Готово,07.11.2023 12:01 ,08.11.2023 17:19 ,flerinvs,,ПОДФТ,flerinvs
ANL-2051,258557,,Готово,07.11.2023 16:44 ,08.11.2023 17:19 ,mikhaelyanta,,Разовая выгрузка отчета из сервиса ЭР (регистрация договора купли-продажи)),ScherbakovaKA
ANL-1184,107275,,Готово,01.11.2021 16:28 ,08.11.2023 17:18 ,klekovkinve,,Ad-hoc анализ рассылок на АНЧ,klekovkinve
ANL-1263,121088,,Готово,17.01.2022 10:11 ,08.11.2023 17:18 ,klekovkinve,,Пересборка витрин по классифайду,klekovkinve
ANL-1330,128918,,Готово,16.02.2022 20:40 ,08.11.2023 17:18 ,klekovkinve,,Доработка отчета по продажам (новый KPI),klekovkinve
ANL-1314,126612,,Готово,08.02.2022 15:48 ,08.11.2023 17:18 ,klekovkinve,,ИБ обогатить mart_mortgage.rerular_report выдачами,ivlevady
ANL-1390,136604,,Готово,29.03.2022 19:34 ,08.11.2023 17:18 ,klekovkinve,,ad-hoc / Активные партнеры АН,klekovkinve
ANL-1331,128919,,Готово,16.02.2022 20:41 ,08.11.2023 17:18 ,klekovkinve,,Доработка отчета по продажам (общий KPI),klekovkinve
ANL-1414,139280,,Готово,12.04.2022 16:41 ,08.11.2023 17:18 ,klekovkinve,,ad-hoc / Подтянуть к АНЧ регионы по номерам,klekovkinve
ANL-1378,135044,,Готово,22.03.2022 11:04 ,08.11.2023 17:18 ,klekovkinve,,ИБ. отрезать лишнее по bank_request,ivlevady
ANL-1384,136243,,Готово,28.03.2022 17:54 ,08.11.2023 17:18 ,klekovkinve,,Заменить источник в MART_MORTGAGE.OPERATION_REPORT,klekovkinve
ANL-1328,128076,,Готово,14.02.2022 17:13 ,08.11.2023 17:18 ,klekovkinve,,Добавить привязку сотрудников М2 в сегменте банков,klekovkinve
ANL-1365,132933,,Готово,10.03.2022 16:32 ,08.11.2023 17:18 ,klekovkinve,,Альтернатива. Отчет для ВТБ. Добавить ролевую модель,klekovkinve
ANL-1445,142035,,Готово,27.04.2022 13:02 ,08.11.2023 17:18 ,klekovkinve,,Ad-hoc / Продажи / Рейтинг застройщиков 2021,klekovkinve
ANL-1313,126609,,Готово,08.02.2022 15:45 ,08.11.2023 17:18 ,klekovkinve,,Отчет по комиссиям ИБ,ivlevady
ANL-1352,129943,,Готово,22.02.2022 11:17 ,08.11.2023 17:18 ,klekovkinve,,Выгрузка доступов из Когноса,soklakovasy
ANL-1462,143864,,Готово,12.05.2022 13:28 ,08.11.2023 17:18 ,klekovkinve,,ad-hoc / Стоимость м2 по СБР+ЭР,klekovkinve
ANL-1506,150956,,Готово,20.06.2022 17:12 ,08.11.2023 17:16 ,klekovkinve,,Добавить поле в отчет (Павел П.),babchenkoka
ANL-1576,158885,,Готово,27.07.2022 17:28 ,08.11.2023 17:16 ,klekovkinve,,Перенести MART_SEGMENT_REALTOR.USER_INFO на актуальный PERSON,klekovkinve
ANL-1389,136514,,Готово,29.03.2022 15:33 ,08.11.2023 17:16 ,klekovkinve,,"Отчет по партнерам и сегментам, СБР-ЭР-ИБ-Новостройки",ivlevady
ANL-1458,143529,,Готово,11.05.2022 11:30 ,08.11.2023 17:16 ,klekovkinve,,ИБ / Перенести воронки из гуглдоков в когнос,klekovkinve
ANL-1580,159178,,Готово,28.07.2022 16:22 ,08.11.2023 17:16 ,klekovkinve,,ad-hoc / Выгрузить ЧМАКов без активных офферов в классифайде,klekovkinve
ANL-1456,143309,,Готово,06.05.2022 12:23 ,08.11.2023 17:16 ,klekovkinve,,ad-hoc / Исследовать данные классифайда,klekovkinve
ANL-1867,236666,,Готово,04.08.2023 13:46 ,08.11.2023 17:15 ,mikhaelyanta,,Обновление словаря SALES_EMPLOYEE_HIERARCHY,mikhaelyanta
ANL-1863,234697,,Готово,25.07.2023 18:04 ,08.11.2023 17:15 ,mikhaelyanta,,Добавить фильтр в отчет по ЛК,mikhaelyanta
ANL-1879,240192,,Готово,21.08.2023 13:42 ,08.11.2023 17:15 ,mikhaelyanta,,Выгрузка неипотечных сделок для Росбанка,mikhaelyanta
ANL-1883,240644,,Готово,22.08.2023 17:40 ,08.11.2023 17:15 ,mikhaelyanta,,Прикрепление сотрудников к ТП,mikhaelyanta
ANL-1887,241190,,Готово,24.08.2023 13:34 ,08.11.2023 17:15 ,mikhaelyanta,,Выгрузка по СБР,mikhaelyanta
ANL-1049,93094,,Готово,22.08.2021 18:11 ,08.11.2023 17:15 ,klekovkinve,,Дашборд по данным классифайда и новостроек,potapovvs
ANL-1881,240379,,Готово,22.08.2023 10:02 ,08.11.2023 17:15 ,mikhaelyanta,,Проверка справочника ODS_VTB_DICT.VTB_USER_OFFICE_CORRECTION,mikhaelyanta
ANL-1894,241881,,Готово,28.08.2023 16:44 ,08.11.2023 17:15 ,flerinvs,,Не грузится отчёт в когносе,nikitindd
ANL-1903,243811,,Готово,05.09.2023 12:48 ,08.11.2023 17:15 ,mikhaelyanta,,Доступы Открытие,kluninany
ANL-1904,243944,,Готово,05.09.2023 16:47 ,08.11.2023 17:15 ,flerinvs,,"Починить отчет ""ВТБ Дашборд""",flerinvs
ANL-1907,244070,,Готово,06.09.2023 10:47 ,08.11.2023 17:15 ,mikhaelyanta,,Поиск продажи по сотруднику,mikhaelyanta
ANL-1891,241514,,Готово,25.08.2023 16:09 ,08.11.2023 17:15 ,flerinvs,,Автоматизация отчетов _этап 2 ,flerinvs
ANL-1885,240873,,Готово,23.08.2023 14:48 ,08.11.2023 17:15 ,flerinvs,,Автоматизация ,flerinvs
ANL-1901,243707,,Готово,05.09.2023 10:03 ,08.11.2023 17:15 ,mikhaelyanta,,Сделка онлайн статистика на 03.09.2023,mikhaelyanta
ANL-1917,244378,,Готово,07.09.2023 11:06 ,08.11.2023 17:15 ,flerinvs,,Сделать выгрузка Отчета ПОД ФТ все сделки за период с 15 по 30 августа 2023,bichurinrm
ANL-1924,245271,,Готово,12.09.2023 09:40 ,08.11.2023 17:15 ,mikhaelyanta,,Проверить выгрузку для отчета ВТБ ГРМ,mikhaelyanta
ANL-1933,246378,,Готово,15.09.2023 13:59 ,08.11.2023 17:15 ,mikhaelyanta,,Выгрузка для ВТБ (ИНКОМ),kluninany
ANL-1937,246519,,Готово,18.09.2023 09:49 ,08.11.2023 17:15 ,mikhaelyanta,,Выгрузка по СО,mikhaelyanta
ANL-1926,245171,,Готово,11.09.2023 16:44 ,08.11.2023 17:15 ,mikhaelyanta,,Среднее количество сделок по продукту Сделка онлайн и средний чек,islamovayui
ANL-1942,246935,,Готово,19.09.2023 11:41 ,08.11.2023 17:15 ,mikhaelyanta,,Выгрузка пользователей по ИНН,mikhaelyanta
ANL-1943,246977,,Готово,19.09.2023 12:53 ,08.11.2023 17:15 ,mikhaelyanta,,Посчитать регионы присутствия м2,mikhaelyanta
ANL-1925,245380,,Готово,12.09.2023 12:52 ,08.11.2023 17:15 ,flerinvs,,Отчетность,flerinvs
ANL-1888,241192,,Готово,24.08.2023 13:37 ,08.11.2023 17:15 ,flerinvs,,Доп задачи в рамках  ANL-1870 ,flerinvs
ANL-1941,246753,,Готово,18.09.2023 16:25 ,08.11.2023 17:15 ,mikhaelyanta,,отчет по неипотечным сделкам ВТБ,stalskayads
ANL-1940,246656,,Готово,18.09.2023 14:12 ,08.11.2023 17:15 ,mikhaelyanta,,"Выгрузка банк ""Открытие МСБ""",mikhaelyanta
ANL-1946,247867,,Готово,22.09.2023 13:20 ,08.11.2023 17:15 ,flerinvs,,эз втб,flerinvs
ANL-1949,249392,,Готово,28.09.2023 17:13 ,08.11.2023 17:15 ,mikhaelyanta,,"Убрать таблицу  ""USER_MELIKYANVV"".vtb_anch",mikhaelyanta
ANL-1948,249038,,Готово,27.09.2023 18:55 ,08.11.2023 17:15 ,mikhaelyanta,,Добавить ручную сделку по ДКП,mikhaelyanta
ANL-1962,250134,,Готово,02.10.2023 17:28 ,08.11.2023 17:15 ,mikhaelyanta,,Отчет для мидл,mikhaelyanta
ANL-1964,250212,,Готово,03.10.2023 09:21 ,08.11.2023 17:15 ,mikhaelyanta,,Корректировка отчета по Защите и Проверке,mikhaelyanta
ANL-1961,250065,,Готово,02.10.2023 15:47 ,08.11.2023 17:15 ,mikhaelyanta,,Проставить роли в сделкам с ДКП,mikhaelyanta
ANL-1968,250607,,Готово,04.10.2023 09:32 ,08.11.2023 17:15 ,mikhaelyanta,,Внесение корректировок в отчет по Защите,mikhaelyanta
ANL-1975,250886,,Готово,04.10.2023 17:28 ,08.11.2023 17:15 ,flerinvs,,Выгрузка для бухгалтерии,flerinvs
ANL-1974,250884,,Готово,04.10.2023 17:28 ,08.11.2023 17:15 ,flerinvs,,выгрузки для Картаева,flerinvs
ANL-1927,245780,,Готово,13.09.2023 13:47 ,08.11.2023 17:15 ,flerinvs,,"Документация по отчету ""Сделке онлайн""",flerinvs
ANL-1945,247340,,Готово,20.09.2023 13:19 ,08.11.2023 17:15 ,flerinvs,,обновить отчет Сделки М2 ЭР,flerinvs
ANL-1966,250233,,Готово,03.10.2023 10:02 ,08.11.2023 17:15 ,flerinvs,,СУП отчет,flerinvs
ANL-1956,249823,,Готово,02.10.2023 09:07 ,08.11.2023 17:15 ,flerinvs,,"Добавить ""глаз"" в ремонты втб",flerinvs
ANL-1953,249820,,Готово,02.10.2023 09:01 ,08.11.2023 17:15 ,flerinvs,,Схема по ПОДФТ,flerinvs
ANL-1970,250788,,Готово,04.10.2023 14:24 ,08.11.2023 17:15 ,mikhaelyanta,,Найти расхождения в отчете Дашборд 2.0 для Банка ВТБ,flerinvs
ANL-1977,250982,,Готово,05.10.2023 10:19 ,08.11.2023 17:15 ,flerinvs,,сформировать список втб отчетов ,flerinvs
ANL-1976,250970,,Готово,05.10.2023 09:53 ,08.11.2023 17:15 ,flerinvs,,снилс_сверка с втб,flerinvs
ANL-1979,251064,,Готово,05.10.2023 12:46 ,08.11.2023 17:15 ,mikhaelyanta,,Внести планы на октябрь по ДКП,mikhaelyanta
ANL-1952,249819,,Готово,02.10.2023 09:01 ,08.11.2023 17:15 ,flerinvs,,пересобрать подфт Куляшовой,flerinvs
ANL-1980,251221,,Готово,05.10.2023 19:42 ,08.11.2023 17:15 ,flerinvs,,перенос схем на рабочий миро,flerinvs
ANL-1969,250787,,Готово,04.10.2023 14:21 ,08.11.2023 17:15 ,mikhaelyanta,,"Сформировать макет ""Сводка СБР и ЭР""",flerinvs
ANL-1993,252299,,Готово,11.10.2023 09:48 ,08.11.2023 17:15 ,mikhaelyanta,,Корректировка показателя RR,mikhaelyanta
ANL-1997,252410,,Готово,11.10.2023 12:28 ,08.11.2023 17:15 ,mikhaelyanta,,Выгрузка по СБР,mikhaelyanta
ANL-1931,246163,,Готово,14.09.2023 15:22 ,08.11.2023 17:15 ,mikhaelyanta,,Разбор отчетов Наташи,mikhaelyanta
ANL-2012,253105,,Готово,13.10.2023 10:39 ,08.11.2023 17:15 ,mikhaelyanta,,Внесение новых ЦО по неипотечным сделкам,mikhaelyanta
ANL-1984,251625,,Готово,09.10.2023 09:34 ,08.11.2023 17:15 ,mikhaelyanta,,Внести информации о презакреплении сотрудников,mikhaelyanta
ANL-1963,250185,,Готово,02.10.2023 18:42 ,08.11.2023 17:15 ,mikhaelyanta,,Добавить фильтр в отчет по СО в когнос,tatiankoaa
ANL-1987,251949,,Готово,10.10.2023 09:28 ,08.11.2023 17:15 ,mikhaelyanta,,Поиск потерянных заявок в рейтинге,mikhaelyanta
ANL-1982,251543,,Готово,06.10.2023 17:42 ,08.11.2023 17:15 ,flerinvs,,квартальная сверка ПОДФТ,flerinvs
ANL-2005,252875,,Готово,12.10.2023 14:28 ,08.11.2023 17:15 ,flerinvs,,ЭР,flerinvs
ANL-2004,252872,,Готово,12.10.2023 14:26 ,08.11.2023 17:15 ,flerinvs,,необходимо подсветить отчеты по с продом,flerinvs
ANL-1876,239479,,Готово,17.08.2023 12:33 ,08.11.2023 17:15 ,flerinvs,,разработать скрипт-форму для проведения интервью с заказчиками,flerinvs
ANL-1999,252854,,Готово,12.10.2023 14:20 ,08.11.2023 17:15 ,flerinvs,,Скрипты,flerinvs
ANL-1955,249822,,Готово,02.10.2023 09:05 ,08.11.2023 17:15 ,flerinvs,,подготовка дэшборда для встречи с продажами,flerinvs
ANL-2015,254230,,Готово,18.10.2023 16:23 ,08.11.2023 17:15 ,flerinvs,,Добавление нового адресата в рассылку отчетности,garanzhaov
ANL-2020,254657,,Готово,20.10.2023 11:14 ,08.11.2023 17:15 ,mikhaelyanta,,Выгрузка из ЛК банка Открытие (розница) ЭР,kluninany
ANL-1938,246545,,Готово,18.09.2023 10:38 ,08.11.2023 17:15 ,flerinvs,,разбить скрипт,flerinvs
ANL-1899,243497,,Готово,04.09.2023 12:19 ,08.11.2023 17:15 ,flerinvs,,Определить неиспользуемые отчеты в когнос ,flerinvs
ANL-1934,246444,,Готово,15.09.2023 18:26 ,08.11.2023 17:15 ,flerinvs,,Перенести на крон отчеты первого приоритета,flerinvs
ANL-1947,248329,,Готово,25.09.2023 18:52 ,08.11.2023 17:15 ,flerinvs,,перенос процесса от парса данных с овнклауда на яндекс,flerinvs
ANL-1958,249857,,Готово,02.10.2023 10:28 ,08.11.2023 17:15 ,flerinvs,,Кинуть на крон отчет по цессиям,flerinvs
ANL-1994,252334,,Готово,11.10.2023 11:11 ,08.11.2023 17:15 ,flerinvs,,Доработка отчета,flerinvs
ANL-1995,252350,,Готово,11.10.2023 11:35 ,08.11.2023 17:15 ,flerinvs,,Отчет по закладным,flerinvs
ANL-2001,252859,,Готово,12.10.2023 14:22 ,08.11.2023 17:15 ,flerinvs,,Отчет по компаниям  М2,flerinvs
ANL-2003,252871,,Готово,12.10.2023 14:25 ,08.11.2023 17:15 ,flerinvs,,Сформировать форму - шаблон для сбора требований по отчетам,flerinvs
ANL-1913,244315,,Готово,06.09.2023 19:38 ,08.11.2023 17:15 ,flerinvs,,Автоматизация отчетности,flerinvs
ANL-2002,252867,,Готово,12.10.2023 14:24 ,08.11.2023 17:15 ,flerinvs,,Перенести в свод данные по отчетам когноса,flerinvs
ANL-2024,255244,,Готово,24.10.2023 09:47 ,08.11.2023 17:15 ,mikhaelyanta,,Корректировка отчета по защите и проверке,mikhaelyanta
ANL-2010,253072,,Готово,13.10.2023 10:27 ,08.11.2023 17:15 ,flerinvs,,отчет для мидла,flerinvs
ANL-2028,255604,,Готово,25.10.2023 09:30 ,08.11.2023 17:15 ,mikhaelyanta,,Корректировка отчета по Защите и Проверке,mikhaelyanta
ANL-2016,254243,,Готово,18.10.2023 16:47 ,08.11.2023 17:15 ,flerinvs,,Отчетность_road map,flerinvs
ANL-1951,249688,,Готово,29.09.2023 16:21 ,08.11.2023 17:15 ,flerinvs,,отображение данных в Когнос / СЛТ Электронная регистрация ,mironovaov
ANL-1992,252290,,Готово,11.10.2023 09:27 ,08.11.2023 17:15 ,flerinvs,,Выгрузка сделок за 2022 и 2023 год,konorevate
ANL-2011,253091,,Готово,13.10.2023 10:32 ,08.11.2023 17:15 ,flerinvs,,расхождения ВТБ ,flerinvs
ANL-2025,255350,,Готово,24.10.2023 12:28 ,08.11.2023 17:15 ,mikhaelyanta,,Сформировать отчет Дашборд 2.0 с октября 2022- по текущее время.,ignatovaaa
ANL-1959,249980,,Готово,02.10.2023 13:08 ,08.11.2023 17:15 ,mikhaelyanta,,отчет по защите сделки - добавить стоимость продукта ,stalskayads
ANL-2021,254800,,Готово,20.10.2023 15:32 ,08.11.2023 17:15 ,mikhaelyanta,,"Выгрузка по типу Заявления ""Выписка ЕГРН""",tatarovaaa
ANL-2039,257455,,Готово,01.11.2023 14:04 ,08.11.2023 17:15 ,mikhaelyanta,,Выгрузка по ЭР Рйффайзен банк,mikhaelyanta
ANL-2041,257751,,Готово,02.11.2023 12:24 ,08.11.2023 17:15 ,mikhaelyanta,,Корректировка отчета по защите и проверке,mikhaelyanta
ANL-2043,257837,,Готово,02.11.2023 15:45 ,08.11.2023 17:15 ,mikhaelyanta,,Выгрузка УКЭП по ВТБ,mikhaelyanta
ANL-2040,257745,,Готово,02.11.2023 12:06 ,08.11.2023 17:15 ,mikhaelyanta,,Выгрузка для ВТБ ГРМ,kluninany
ANL-1932,246171,,Готово,14.09.2023 15:59 ,08.11.2023 17:15 ,mikhaelyanta,,"Правки в отчете для ВТБ Розница ""Дашборд 2.0""",tatarovaaa
ANL-2052,258565,,Готово,07.11.2023 17:01 ,08.11.2023 17:15 ,mikhaelyanta,,Цифра по количеству подключенных к СУП компаний,kovievanv
ANL-1837,209371,,Закрыт,31.03.2023 12:10 ,22.10.2023 14:43 ,flerinvs,,Перенос витрин СБР на ODS_A_SBR,ivlevady
ANL-1766,193194,,Закрыт,18.01.2023 09:31 ,18.10.2023 16:48 ,flerinvs,,отчет СБР SLT добавить рыночные банки,ivlevady
ANL-1906,244028,,Закрыт,06.09.2023 09:59 ,20.09.2023 11:16 ,flerinvs,,"отчет для пилота с ВТБ, чаты",flerinvs
ANL-1770,194118,,Закрыт,23.01.2023 11:25 ,20.09.2023 11:15 ,flerinvs,,ПОД ФТ СБР. Пересбор участников. Переход на новую схему,ivlevady
ANL-1336,129466,,Закрыт,18.02.2022 15:29 ,20.09.2023 11:14 ,flerinvs,,Внедрить ролевую модель ЛК во всю отчетность,ivlevady
ANL-1897,242674,,Закрыт,30.08.2023 16:54 ,11.09.2023 15:31 ,mikhaelyanta,,"Исправить ошибку в ""ODS_EMAIL"".""POS_WEEKLY""",mikhaelyanta
ANL-1873,238384,,Закрыт,14.08.2023 11:36 ,01.09.2023 12:47 ,flerinvs,, Репозиторий с BI отчетностью,flerinvs
ANL-1886,241049,,Закрыт,24.08.2023 09:54 ,31.08.2023 16:57 ,flerinvs,,Оптимизация отчета,flerinvs
ANL-1834,208050,,Закрыт,27.03.2023 11:47 ,30.08.2023 21:53 ,flerinvs,,Новый отчет АНЧ по неипотеке,potapovvs
ANL-1642,172052,,Закрыт,28.09.2022 13:51 ,30.08.2023 21:52 ,flerinvs,,Поисследовать как мэтчить м2про и СБР по ФИО,ivlevady
ANL-1591,161244,,Закрыт,08.08.2022 10:03 ,30.08.2023 21:52 ,flerinvs,,ИБ. что можем сделать для ускорения витрин,ivlevady
ANL-1898,242715,,Закрыт,30.08.2023 18:43 ,30.08.2023 18:47 ,flerinvs,,Дашборд по чатам,flerinvs
ANL-1872,238335,,Закрыт,14.08.2023 10:31 ,28.08.2023 10:00 ,flerinvs,,Автоматизация отчетов _этап 1 ,flerinvs
ANL-1884,240852,,Закрыт,23.08.2023 13:56 ,25.08.2023 16:05 ,flerinvs,,Доработка отчета ,flerinvs
ANL-1877,239920,,Закрыт,18.08.2023 18:43 ,25.08.2023 14:22 ,flerinvs,,"Сформировать документацию для отчета ""Отчет по компаниям""",flerinvs
ANL-1788,196139,,Закрыт,31.01.2023 12:13 ,23.08.2023 11:45 ,flerinvs,,Добавить новые атрибуты по ЭР для передачи в 1С,ivlevanv
ANL-1833,207887,,Закрыт,24.03.2023 17:56 ,23.08.2023 11:04 ,flerinvs,,Загрузка в хранилище ручного реестра (поиск сумм),ivlevanv
ANL-1787,196119,,Закрыт,31.01.2023 11:48 ,23.08.2023 11:03 ,flerinvs,,Дополнение ежеквартального отчета для Росфинмониторинга новым перечнем,ivlevanv
ANL-1798,198647,,Закрыт,10.02.2023 10:27 ,20.02.2023 12:43 ,klekovkinve,,Создать аггрегат для выгрузки из кликхаус,permyakovana
ANL-1626,168947,,Закрыт,12.09.2022 17:05 ,12.09.2022 17:16 ,klekovkinve,,Сегментация застройщиков по объемам стройки и сделкам в м2,kibirevaee
ANL-1522,153217,155760,Готово,01.07.2022 14:03 ,01.08.2022 12:20 ,klekovkinve,,Не заполнен имейл ,babchenkoka
ANL-1350,130425,,Закрыт,24.02.2022 17:36 ,26.07.2022 15:30 ,klekovkinve,,Вытащить компании из сделок СБР под ВТБ,klekovkinve
ANL-1556,155763,155760,Закрыт,12.07.2022 18:31 ,25.07.2022 01:31 ,klekovkinve,,Собрать таблицу с историей по AUTH,klekovkinve
ANL-1457,143510,,Закрыт,11.05.2022 10:34 ,11.05.2022 11:42 ,klekovkinve,,Инициативы / Срез когноса по обновлениям датасетов,klekovkinve
ANL-992,85919,,Закрыт,13.07.2021 17:49 ,11.05.2022 11:41 ,klekovkinve,,ИБ. Изменить расчет кол-во доков для ADDITIONAL_DOCUMENTS,ivlevady
ANL-1433,140970,,Закрыт,21.04.2022 12:41 ,11.05.2022 10:34 ,klekovkinve,,проверить все личные датасеты на факт обновления про расписанию,ivlevady
ANL-1347,130010,,Закрыт,22.02.2022 13:43 ,04.05.2022 17:50 ,klekovkinve,,ad-hoc / классифайд / подготовить новый срез,klekovkinve
ANL-1394,137408,,Закрыт,04.04.2022 11:04 ,04.05.2022 10:11 ,klekovkinve,,"Подготовка отчета, по компаниям, которые используют СБР ",tabakovayn
ANL-1337,129484,,Закрыт,18.02.2022 16:31 ,21.03.2022 12:45 ,klekovkinve,,Альтернатива. Отчет для ВТБ,klekovkinve
ANL-1332,128920,,Закрыт,16.02.2022 20:41 ,18.03.2022 12:22 ,klekovkinve,,Доработка отчета по продажам (сделки партнеров),klekovkinve
ANL-1310,126305,,Закрыт,07.02.2022 18:18 ,18.03.2022 12:20 ,klekovkinve,,Доработка отчета по продажам (партнеры),klekovkinve
ANL-1346,129988,,Закрыт,22.02.2022 12:53 ,09.03.2022 11:21 ,klekovkinve,,ad-hoc / Продажи / активные партнеры февраля через ВТБ,klekovkinve
ANL-1329,128100,,Закрыт,14.02.2022 18:12 ,28.02.2022 11:23 ,klekovkinve,,ad-hoc / Посчитать динамику площади квартир в классифайде,klekovkinve
ANL-1327,128011,,Закрыт,14.02.2022 14:39 ,28.02.2022 11:23 ,klekovkinve,,Выгрузить данные объектов из прода классифайда,klekovkinve
ANL-1089,97188,,Закрыт,14.09.2021 14:00 ,28.02.2022 01:15 ,klekovkinve,,Доработка отчета по продажам (изменение структуры в когносе),klekovkinve
ANL-1345,129689,,Закрыт,21.02.2022 12:41 ,21.02.2022 16:41 ,klekovkinve,,Доработка отчета по продажам: заменить атрибут company_code на company_code_origin ,klekovkinve
ANL-1311,126313,124465,Готово,07.02.2022 18:44 ,21.02.2022 13:31 ,klekovkinve,,Подготовить срез в db2 по джобам,ivlevady
ANL-676,63612,,Закрыт,11.03.2021 18:10 ,21.02.2022 11:01 ,klekovkinve,,ЭР. Отчет по цифровым подписям,babchenkoka
ANL-1265,121839,,Закрыт,19.01.2022 11:33 ,14.02.2022 11:03 ,klekovkinve,,"Добавить participant_code в ""MART_SBR"".""SELLER_AND_BUYER_DATA""",osipyanvs
ANL-1150,104269,,Закрыт,20.10.2021 14:54 ,07.02.2022 17:02 ,klekovkinve,,Аналитика АНЧ,klekovkinve
ANL-1107,99533,,Закрыт,27.09.2021 11:55 ,07.02.2022 17:01 ,klekovkinve,,Создать таблицу регионов для MART_CLASSIFIED.DATE_LOCATION_PRICE,klekovkinve
ANL-1239,116002,104269,Закрыт,13.12.2021 12:45 ,07.02.2022 16:59 ,klekovkinve,,Собрать и интегрировать справочник по мероприятиям АНЧ,klekovkinve
ANL-1245,117346,104269,Закрыт,17.12.2021 18:05 ,07.02.2022 16:59 ,klekovkinve,,Скалибровать отчет ЛК с регистрациями АНЧ,klekovkinve
ANL-1251,119412,104269,Закрыт,28.12.2021 11:34 ,07.02.2022 16:59 ,klekovkinve,,Собрать главную страницу со сводной информацией по сегменту,klekovkinve
ANL-1170,106465,104269,Закрыт,28.10.2021 13:54 ,07.02.2022 16:58 ,klekovkinve,,Маркетинговая воронка АНЧ,klekovkinve
ANL-1035,90752,,Закрыт,09.08.2021 18:33 ,04.02.2022 13:02 ,klekovkinve,,Определить недостающие сегменты в отчете ЭР,klekovkinve
ANL-1102,98570,,Закрыт,21.09.2021 15:06 ,04.02.2022 13:02 ,klekovkinve,,Скалиброваться с классифайдом по датам объявлений,klekovkinve
ANL-1237,115992,104269,Закрыт,13.12.2021 12:42 ,04.02.2022 12:59 ,klekovkinve,,Получить количество сделок АНЧ и LTV,klekovkinve
ANL-1128,101434,,Закрыт,06.10.2021 12:26 ,31.01.2022 14:46 ,klekovkinve,,Доработка отчета по продажам (новые партнеры),klekovkinve
ANL-1131,101444,,Закрыт,06.10.2021 12:36 ,31.01.2022 14:46 ,klekovkinve,,Доработка отчета по продажам (ранг сотрудников),klekovkinve
ANL-1262,120887,,Закрыт,14.01.2022 14:03 ,31.01.2022 14:46 ,klekovkinve,,ad-hoc / Динамика цен на квартиры,klekovkinve
ANL-1236,115988,104269,Закрыт,13.12.2021 12:42 ,24.01.2022 10:57 ,klekovkinve,,Получить ГЕО данные риелторов,klekovkinve
ANL-1264,121303,120887,Закрыт,17.01.2022 17:51 ,17.01.2022 17:59 ,klekovkinve,,ad-hoc / Динамика цен на квартиры (дополнительно),klekovkinve
ANL-1130,101441,,Закрыт,06.10.2021 12:34 ,17.01.2022 10:11 ,klekovkinve,,Доработка отчета по продажам (сводка по доле сделок),klekovkinve
ANL-1238,115996,104269,Готово,13.12.2021 12:43 ,28.12.2021 11:32 ,klekovkinve,,Добавить в дашборд АНЧ данные по бюджетам на рекламу,klekovkinve
ANL-1235,115983,104269,Готово,13.12.2021 12:41 ,28.12.2021 11:32 ,klekovkinve,,Собрать временную match таблицу по КДКП,klekovkinve
ANL-1209,111425,,Закрыт,22.11.2021 15:08 ,23.12.2021 11:46 ,klekovkinve,,Заменить источник ЭР в отчетах продаж,klekovkinve
ANL-1187,107950,,Закрыт,06.11.2021 12:42 ,23.12.2021 11:45 ,klekovkinve,,Ad-hoc / Продажи / Отчет по показателям сотрудников / Изменить привязку регионов,makhmetovaed
ANL-1151,104271,104269,Готово,20.10.2021 14:57 ,20.12.2021 12:12 ,klekovkinve,,Аналитика АНЧ. Собрать данные пользователей из ЛК,klekovkinve
ANL-1122,100973,,Закрыт,04.10.2021 15:51 ,15.12.2021 16:13 ,klekovkinve,,Отчетность для ИТ,klekovkinve
ANL-1216,112799,,Закрыт,29.11.2021 12:33 ,13.12.2021 12:39 ,klekovkinve,,Ad-hoc / Прогноз для конкурса АНЧ,klekovkinve
ANL-1217,112801,,Закрыт,29.11.2021 12:34 ,13.12.2021 12:39 ,klekovkinve,,Ad-hoc / Прогноз для конкурса АНЧ,klekovkinve
ANL-1211,111985,,Закрыт,24.11.2021 12:18 ,06.12.2021 11:17 ,klekovkinve,,Ad-hoc / Прогноз для конкурса АНЧ,klekovkinve
ANL-1208,111385,,Закрыт,22.11.2021 13:48 ,06.12.2021 11:16 ,klekovkinve,,Ad-hoc / Кол-во контактов АНЧ,klekovkinve
ANL-1182,107199,104269,Закрыт,01.11.2021 13:33 ,22.11.2021 09:39 ,klekovkinve,,Ad-hoc Проанализировать поток онлайн сделок АНЧ,klekovkinve
ANL-1195,109465,,Закрыт,15.11.2021 02:58 ,15.11.2021 11:02 ,klekovkinve,,некорректный отчет ,makhmetovaed
ANL-1114,100100,,Закрыт,29.09.2021 12:46 ,08.11.2021 14:35 ,klekovkinve,,Добавить сегмент других банков в ЭР1,klekovkinve
ANL-1149,103960,,Закрыт,19.10.2021 14:28 ,01.11.2021 10:12 ,klekovkinve,,ad-hoc выгрузка риелторов из clickhouse,klekovkinve
ANL-1146,103631,,Закрыт,18.10.2021 14:06 ,01.11.2021 10:12 ,klekovkinve,,Ad-hoc / Объявление на контакт в классифайде ,klekovkinve
ANL-1061,94371,,Закрыт,30.08.2021 15:35 ,28.10.2021 18:44 ,klekovkinve,,Перенос справочников с OBJ на ODS,klekovkinve
ANL-1136,101952,,Закрыт,08.10.2021 13:36 ,08.10.2021 17:59 ,klekovkinve,,Доработка отчета по продажам (оверлап периодов ответственности),klekovkinve
ANL-1015,88666,,Закрыт,29.07.2021 11:03 ,04.10.2021 10:55 ,klekovkinve,,Отчет для продаж,ivlevady
ANL-1095,97529,,Закрыт,15.09.2021 16:05 ,15.09.2021 16:53 ,klekovkinve,,Ad-hoc выгрузка по АН,klekovkinve
ANL-1054,93202,,Закрыт,23.08.2021 12:50 ,14.09.2021 17:51 ,klekovkinve,,Тех. долг вью по продажам,klekovkinve
ANL-1088,97052,,Закрыт,14.09.2021 09:23 ,14.09.2021 17:49 ,klekovkinve,,Записать короткую видео-инструкцию к отчету для продаж,ivlevady
